ID,Met_topic,Met_vehicle,Eng_item,Metaphor,Simile,Lit_topic/vehicle,LengthTopic,Eng_conventionality,Eng_aptness,Eng_aptness_label,LengthVehicle,FrequencyTopic,FrequencyVehicle,ConcretenessTopic,ConcretenessVehicle,Familiarity,Difficulty,Imageability,Metaphoricity,SemanticDistance,N_interpretations,Strength,resources,Simile_come_cloze_surprisal__sapienzanlp_Minerva_1B_base_v1_0,Metaphor_log_likelihood_norm__sapienzanlp_Minerva_350M_base_v1_0,Simile_log_likelihood_norm__sapienzanlp_Minerva_350M_base_v1_0,Simile_come_cloze_surprisal__sapienzanlp_Minerva_350M_base_v1_0,source_llm__sapienzanlp_Minerva_350M_base_v1_0,Metaphor_log_likelihood_norm__sapienzanlp_Minerva_3B_base_v1_0,Simile_log_likelihood_norm__sapienzanlp_Minerva_3B_base_v1_0,Simile_come_cloze_surprisal__sapienzanlp_Minerva_3B_base_v1_0,source_llm__sapienzanlp_Minerva_3B_base_v1_0,Diff_Log_Likelihood_Minerva_350M_base_v1_0,Diff_Log_Likelihood_Minerva_3B_base_v1_0,Metaphor_log_likelihood_norm__sapienzanlp_Minerva_1B_base_v1_0,Simile_log_likelihood_norm__sapienzanlp_Minerva_1B_base_v1_0,Diff_Log_Likelihood_Minerva_1B_base_v1_0,Unnamed: 38,Unnamed: 39,Metaphor_log_likelihood_norm__sapienzanlp_Minerva_7B_base_v1_0,Simile_log_likelihood_norm__sapienzanlp_Minerva_7B_base_v1_0,Simile_come_cloze_surprisal__sapienzanlp_Minerva_7B_base_v1_0,Diff_Log_Likelihood_Minerva_7B_base_v1_0
1,aeroplano,piuma,,L'aeroplano è una piuma.,L'aeroplano è come una piuma.,oca,9.0,,,,5.0,10.0,32.0,4.408,4.338,2.765,3.529,3.529,5.4,0.691,1.619,4.636,Bambini et al. (2024),6.5625,-2.875,-2.770833333,6.75,sapienzanlp/Minerva-350M-base-v1.0,-3.022727273,-2.875,7.1875,sapienzanlp/Minerva-3B-base-v1.0,-0.104166667,-0.147727273,-3.272727273,-2.9375,-0.335227273,,,-2.997159090909091,-2.825520833333333,7.86328125,-0.1716382575757578
2,amicizia,cuscino,,L'amicizia è un cuscino.,L'amicizia è come un cuscino.,letto,8.0,,,,7.0,212.0,57.0,3.121,5.036,2.2,4.6,3.067,5.867,0.877,1.714,4.727,Bambini et al. (2024),6.9375,-3.953125,-3.055555556,6.3125,sapienzanlp/Minerva-350M-base-v1.0,-3.609375,-3.013888889,6.9375,sapienzanlp/Minerva-3B-base-v1.0,-0.897569444,-0.595486111,-3.625,-3.222222222,-0.402777778,,,-3.935546875,-3.423611111111111,7.7890625,-0.5119357638888888
3,anima,pianoforte,,L'anima è un pianoforte.,L'anima è come un pianoforte.,tasto,5.0,,,,10.0,341.0,70.0,2.726,4.591,2.667,4.6,2.733,4.667,0.791,1.556,4.867,Bambini et al. (2024),7.03125,-4.267857143,-3.421875,7.125,sapienzanlp/Minerva-350M-base-v1.0,-4.0,-3.34375,7.125,sapienzanlp/Minerva-3B-base-v1.0,-0.845982143,-0.65625,-3.875,-3.390625,-0.484375,,,-4.522321428571429,-3.42578125,7.94140625,-1.0965401785714288
4,apparenza,trappola,,L'apparenza è una trappola.,L'apparenza è come una trappola.,topo,9.0,,,,8.0,82.0,56.0,2.415,3.91,4.0,3.067,3.333,5.8,0.727,1.619,4.727,Bambini et al. (2024),6.90625,-3.013888889,-3.275,6.125,sapienzanlp/Minerva-350M-base-v1.0,-2.972222222,-3.05,7.1875,sapienzanlp/Minerva-3B-base-v1.0,0.261111111,0.077777778,-2.958333333,-3.35,0.391666667,,,-3.8236607142857135,-4.13671875,7.03515625,0.3130580357142865
5,aula,teatro,,L'aula è un teatro.,L'aula è come un teatro.,spettacolo,4.0,,,,6.0,225.0,496.0,4.339,3.558,2.867,2.867,3.933,2.667,0.732,2.0,4.385,Bambini et al. (2024),7.53125,-4.035714286,-3.640625,7.0625,sapienzanlp/Minerva-350M-base-v1.0,-3.767857143,-3.640625,7.0,sapienzanlp/Minerva-3B-base-v1.0,-0.395089286,-0.127232143,-4.0,-3.640625,-0.359375,,,-4.035714285714286,-3.626953125,8.953125,-0.4087611607142856
6,autismo,cactus,,L'autismo è un cactus.,L'autismo è come un cactus.,deserto,7.0,,,,6.0,1.0,10.0,3.232,4.319,2.0,4.6,2.533,6.333,0.895,1.333,4.143,Bambini et al. (2024),6.84375,-3.6,-3.090909091,7.15625,sapienzanlp/Minerva-350M-base-v1.0,-3.7,-3.090909091,6.8125,sapienzanlp/Minerva-3B-base-v1.0,-0.509090909,-0.609090909,-3.725,-2.897727273,-0.827272727,,,-4.28125,-3.390625,8.03125,-0.890625
7,barba,lana,,La barba è una lana.,La barba è come una lana.,cotone,5.0,,,,4.0,70.0,50.0,4.304,4.597,2.412,3.118,3.941,4.867,0.665,1.5,4.933,Bambini et al. (2024),7.4375,-4.964285714,-4.21875,7.0625,sapienzanlp/Minerva-350M-base-v1.0,-5.035714286,-4.84375,7.5,sapienzanlp/Minerva-3B-base-v1.0,-0.745535714,-0.191964286,-5.214285714,-4.40625,-0.808035714,,,-5.390625,-5.428571428571429,7.7265625,0.037946428571428825
8,biblioteca,tesoro,,La biblioteca è un tesoro.,La biblioteca è come un tesoro.,corona,10.0,,,,6.0,102.0,191.0,4.24,3.697,3.333,2.933,3.6,4.667,0.738,2.095,5.545,Bambini et al. (2024),7.875,-4.375,-4.5,6.625,sapienzanlp/Minerva-350M-base-v1.0,-4.083333333,-4.0,7.40625,sapienzanlp/Minerva-3B-base-v1.0,0.125,-0.083333333,-4.229166667,-3.928571429,-0.300595238,,,-4.174479166666667,-4.243303571428571,7.69140625,0.06882440476190421
9,burocrazia,labirinto,,La burocrazia è un labirinto.,La burocrazia è come un labirinto.,siepe,10.0,,,,9.0,39.0,27.0,2.49,3.671,5.0,2.333,4.4,5.867,0.726,1.7,5.091,Bambini et al. (2024),7.5625,-3.166666667,-3.1125,6.8125,sapienzanlp/Minerva-350M-base-v1.0,-2.722222222,-2.6875,8.125,sapienzanlp/Minerva-3B-base-v1.0,-0.054166667,-0.034722222,-2.958333333,-3.1,0.141666667,,,-3.9348958333333335,-3.720982142857143,7.3828125,-0.2139136904761907
10,caffè,benzina,,Il caffè è una benzina.,Il caffè è come una benzina.,rifornimento,5.0,,,,7.0,164.0,108.0,4.487,4.458,2.412,3.0,3.941,5.2,0.61,1.333,6.062,Bambini et al. (2024),7.5,-4.8125,-4.214285714,6.6875,sapienzanlp/Minerva-350M-base-v1.0,-4.916666667,-4.375,7.5,sapienzanlp/Minerva-3B-base-v1.0,-0.598214286,-0.541666667,-5.1875,-4.339285714,-0.848214286,,,-5.098958333333333,-4.642857142857143,7.34765625,-0.4561011904761898
11,censura,manetta,,La censura è una manetta.,La censura è come una manetta.,polso,7.0,,,,7.0,52.0,59.0,3.032,4.135,4.0,2.533,3.933,4.933,0.882,1.619,4.917,Bambini et al. (2024),7.34375,-4.78125,-4.5,6.875,sapienzanlp/Minerva-350M-base-v1.0,-4.40625,-3.944444444,7.59375,sapienzanlp/Minerva-3B-base-v1.0,-0.28125,-0.461805556,-4.90625,-4.361111111,-0.545138889,,,-5.120535714285714,-4.5390625,7.41015625,-0.5814732142857144
12,cervello,noce,,Il cervello è una noce.,Il cervello è come una noce.,mandorla,8.0,,,,4.0,178.0,54.0,3.69,4.414,3.294,2.765,4.529,5.067,0.817,2.0,5.389,Bambini et al. (2024),7.03125,-4.821428571,-3.875,7.0,sapienzanlp/Minerva-350M-base-v1.0,-3.857142857,-3.78125,7.15625,sapienzanlp/Minerva-3B-base-v1.0,-0.946428571,-0.075892857,-4.464285714,-4.125,-0.339285714,,,-3.959821428571429,-3.42578125,7.48828125,-0.5340401785714288
13,cinismo,armatura,,Il cinismo è un'armatura.,Il cinismo è come un'armatura.,elmo,7.0,,,,8.0,27.0,14.0,2.326,4.141,3.333,3.667,3.467,6.2,0.851,1.5,5.133,Bambini et al. (2024),7.59375,-3.75,-3.275,6.3125,sapienzanlp/Minerva-350M-base-v1.0,-3.527777778,-3.425,7.875,sapienzanlp/Minerva-3B-base-v1.0,-0.475,-0.102777778,-3.888888889,-3.55,-0.338888889,,,-3.6944444444444446,-3.38125,7.53515625,-0.31319444444444455
14,contratto,guinzaglio,,Il contratto è un guinzaglio.,Il contratto è come un guinzaglio.,cane,9.0,,,,10.0,338.0,11.0,3.242,4.118,2.412,3.824,3.706,6.133,0.799,1.25,5.312,Bambini et al. (2024),6.46875,-4.53125,-3.722222222,6.5,sapienzanlp/Minerva-350M-base-v1.0,-4.0625,-3.777777778,6.9375,sapienzanlp/Minerva-3B-base-v1.0,-0.809027778,-0.284722222,-4.6875,-3.972222222,-0.715277778,,,-4.3515625,-3.7743055555555554,9.09375,-0.5772569444444446
15,cooperazione,orchestra,,La cooperazione è un'orchestra.,La cooperazione è come un'orchestra.,concerto,12.0,,,,9.0,51.0,168.0,2.131,4.036,4.733,2.267,5.733,4.067,0.786,1.65,4.818,Bambini et al. (2024),7.40625,-4.34375,-3.833333333,6.53125,sapienzanlp/Minerva-350M-base-v1.0,-3.90625,-3.263888889,7.03125,sapienzanlp/Minerva-3B-base-v1.0,-0.510416667,-0.642361111,-3.890625,-3.430555556,-0.460069444,,,-4.361607142857143,-3.638671875,7.9765625,-0.7229352678571432
16,corruzione,ragnatela,,La corruzione è una ragnatela.,La corruzione è come una ragnatela.,polvere,10.0,,,,9.0,138.0,17.0,2.317,4.186,2.598,3.278,3.921,5.867,0.691,1.6,5.286,Bambini et al. (2024),7.40625,-3.875,-3.583333333,7.3125,sapienzanlp/Minerva-350M-base-v1.0,-3.859375,-3.416666667,7.625,sapienzanlp/Minerva-3B-base-v1.0,-0.291666667,-0.442708333,-3.96875,-3.583333333,-0.385416667,,,-3.361328125,-3.0260416666666665,7.796875,-0.3352864583333335
17,coscienza,specchio,,La coscienza è uno specchio.,La coscienza è come uno specchio.,riflesso,9.0,,,,8.0,238.0,138.0,2.198,4.007,4.2,3.467,3.733,6.0,0.713,1.9,5.385,Bambini et al. (2024),7.09375,-4.833333333,-4.0,6.3125,sapienzanlp/Minerva-350M-base-v1.0,-4.270833333,-3.785714286,6.6875,sapienzanlp/Minerva-3B-base-v1.0,-0.833333333,-0.485119048,-4.375,-3.857142857,-0.517857143,,,-4.065104166666667,-3.330357142857143,6.3515625,-0.7347470238095242
18,cravatta,cappio,,La cravatta è un cappio.,La cravatta è come un cappio.,corda,8.0,,,,6.0,48.0,6.0,4.485,4.578,3.933,2.133,4.933,3.933,0.524,1.8,5.056,Bambini et al. (2024),7.0,-3.944444444,-3.45,6.78125,sapienzanlp/Minerva-350M-base-v1.0,-3.430555556,-3.375,6.875,sapienzanlp/Minerva-3B-base-v1.0,-0.494444444,-0.055555556,-3.638888889,-3.45,-0.188888889,,,-3.9375,-3.795138888888889,7.3671875,-0.14236111111111116
19,curiosità,lente,,La curiosità è una lente.,La curiosità è come una lente.,occhiali,9.0,,,,5.0,175.0,31.0,2.857,3.501,4.267,3.267,4.067,6.133,0.809,1.7,4.917,Bambini et al. (2024),7.1875,-5.375,-4.607142857,6.09375,sapienzanlp/Minerva-350M-base-v1.0,-5.125,-4.5,6.875,sapienzanlp/Minerva-3B-base-v1.0,-0.767857143,-0.625,-4.8125,-4.392857143,-0.419642857,,,-4.963541666666667,-4.723214285714286,6.953125,-0.24032738095238138
20,debito,catena,,Il debito è una catena.,Il debito è come una catena.,anello,6.0,,,,6.0,182.0,134.0,3.085,3.856,2.533,3.533,2.867,5.733,0.897,1.5,4.824,Bambini et al. (2024),6.84375,-4.854166667,-4.375,5.375,sapienzanlp/Minerva-350M-base-v1.0,-4.583333333,-4.214285714,6.90625,sapienzanlp/Minerva-3B-base-v1.0,-0.479166667,-0.369047619,-5.375,-4.678571429,-0.696428571,,,-4.3125,-4.055803571428571,6.65234375,-0.2566964285714288
21,delusione,crepa,,La delusione è una crepa.,La delusione è come una crepa.,parete,9.0,,,,5.0,113.0,11.0,2.642,4.488,3.133,3.933,3.333,5.533,0.66,1.619,5.333,Bambini et al. (2024),6.1875,-3.90625,-3.638888889,6.3125,sapienzanlp/Minerva-350M-base-v1.0,-4.0625,-3.916666667,7.6875,sapienzanlp/Minerva-3B-base-v1.0,-0.267361111,-0.145833333,-4.1875,-3.75,-0.4375,,,-4.569196428571429,-3.927734375,7.0078125,-0.6414620535714288
22,entusiasmo,vulcano,,L'entusiasmo è un vulcano.,L'entusiasmo è come un vulcano.,lava,10.0,,,,7.0,175.0,30.0,2.536,4.191,4.533,2.4,4.6,5.333,0.756,1.6,6.312,Bambini et al. (2024),6.8125,-3.444444444,-3.275,7.3125,sapienzanlp/Minerva-350M-base-v1.0,-3.472222222,-3.1625,7.3125,sapienzanlp/Minerva-3B-base-v1.0,-0.169444444,-0.309722222,-3.222222222,-3.175,-0.047222222,,,-4.473214285714286,-3.9140625,7.16015625,-0.5591517857142856
23,famiglia,nido,,La famiglia è un nido.,La famiglia è come un nido.,uccello,8.0,,,,4.0,1430.0,59.0,3.772,4.554,6.0,1.733,5.333,5.2,0.71,2.0,6.333,Bambini et al. (2024),6.9375,-4.208333333,-3.821428571,6.6875,sapienzanlp/Minerva-350M-base-v1.0,-3.75,-3.607142857,7.375,sapienzanlp/Minerva-3B-base-v1.0,-0.386904762,-0.142857143,-4.208333333,-3.964285714,-0.244047619,,,-3.921875,-3.830357142857143,7.828125,-0.0915178571428572
24,fede,fiamma,,La fede è una fiamma.,La fede è come una fiamma.,candela,4.0,,,,6.0,231.0,151.0,2.356,4.013,4.892,2.067,4.889,5.467,0.621,1.7,5.118,Bambini et al. (2024),7.125,-4.75,-4.178571429,6.46875,sapienzanlp/Minerva-350M-base-v1.0,-4.270833333,-3.857142857,7.0625,sapienzanlp/Minerva-3B-base-v1.0,-0.571428571,-0.413690476,-4.5625,-4.160714286,-0.401785714,,,-4.28125,-4.008928571428571,7.1171875,-0.2723214285714288
25,fedeltà,nodo,,La fedeltà è un nodo.,La fedeltà è come un nodo.,spago,7.0,,,,4.0,61.0,95.0,2.389,3.882,3.837,3.667,4.8,5.467,0.867,1.95,4.636,Bambini et al. (2024),7.09375,-4.979166667,-4.5,6.25,sapienzanlp/Minerva-350M-base-v1.0,-4.979166667,-4.375,7.28125,sapienzanlp/Minerva-3B-base-v1.0,-0.479166667,-0.604166667,-5.0625,-4.642857143,-0.419642857,,,-4.9375,-4.8125,7.40234375,-0.125
26,film,mattone,,Il film è un mattone.,Il film è come un mattone.,casa,4.0,,,,7.0,1226.0,64.0,3.608,4.38,3.0,3.412,3.059,5.667,0.772,1.2,5.357,Bambini et al. (2024),7.21875,-4.071428571,-3.84375,6.40625,sapienzanlp/Minerva-350M-base-v1.0,-3.875,-3.75,7.4375,sapienzanlp/Minerva-3B-base-v1.0,-0.227678571,-0.125,-4.178571429,-4.21875,0.040178571,,,-3.8950892857142856,-3.837890625,8.0546875,-0.05719866071428559
27,idea,scintilla,,L'idea è una scintilla.,L'idea è come una scintilla.,fiammifero,4.0,,,,9.0,1058.0,28.0,2.486,3.428,5.133,2.133,4.667,5.267,0.688,1.85,5.545,Bambini et al. (2024),6.40625,-3.78125,-3.638888889,6.1875,sapienzanlp/Minerva-350M-base-v1.0,-3.59375,-3.25,7.125,sapienzanlp/Minerva-3B-base-v1.0,-0.142361111,-0.34375,-3.859375,-3.611111111,-0.248263889,,,-3.69140625,-3.243055555555556,7.7734375,-0.4483506944444442
28,ignoranza,prigione,,L'ignoranza è una prigione.,L'ignoranza è come una prigione.,riformatorio,9.0,,,,8.0,39.0,82.0,1.894,3.89,3.4,3.0,3.667,5.2,0.789,1.667,5.118,Bambini et al. (2024),7.09375,-3.055555556,-3.0,7.28125,sapienzanlp/Minerva-350M-base-v1.0,-2.777777778,-2.925,7.4375,sapienzanlp/Minerva-3B-base-v1.0,-0.055555556,0.147222222,-2.930555556,-3.125,0.194444444,,,-3.7075892857142856,-3.720703125,7.34765625,0.013113839285714413
29,insistenza,trapano,,L'insistenza è un trapano.,L'insistenza è come un trapano.,buco,10.0,,,,7.0,34.0,9.0,2.815,4.598,5.533,1.867,5.467,5.467,0.83,1.905,5.417,Bambini et al. (2024),6.375,-4.277777778,-3.775,6.46875,sapienzanlp/Minerva-350M-base-v1.0,-4.0,-3.675,7.78125,sapienzanlp/Minerva-3B-base-v1.0,-0.502777778,-0.325,-4.111111111,-3.925,-0.186111111,,,-4.107638888888889,-3.803125,7.6796875,-0.3045138888888892
30,intelligenza,scala,,L'intelligenza è una scala.,L'intelligenza è come una scala.,gradino,12.0,,,,5.0,107.0,217.0,2.361,3.721,4.6,3.4,2.933,5.533,0.71,1.5,3.933,Bambini et al. (2024),6.8125,-3.892857143,-3.46875,6.875,sapienzanlp/Minerva-350M-base-v1.0,-3.892857143,-3.5625,7.3125,sapienzanlp/Minerva-3B-base-v1.0,-0.424107143,-0.330357143,-4.232142857,-3.84375,-0.388392857,,,-4.46875,-3.392578125,7.1484375,-1.076171875
31,interrogatorio,tritacarne,,L'interrogatorio è un tritacarne.,L'interrogatorio è come un tritacarne.,polpetta,14.0,,,,10.0,127.0,1.0,3.635,,2.0,4.6,3.133,6.667,0.804,1.19,4.364,Bambini et al. (2024),6.875,-2.916666667,-2.75,6.53125,sapienzanlp/Minerva-350M-base-v1.0,-3.125,-2.865384615,8.1875,sapienzanlp/Minerva-3B-base-v1.0,-0.166666667,-0.259615385,-3.083333333,-3.0,-0.083333333,,,-3.3307291666666665,-2.730769230769231,9.140625,-0.5999599358974357
32,intuizione,chiave,,L'intuizione è una chiave.,L'intuizione è come una chiave.,lucchetto,10.0,,,,6.0,50.0,250.0,2.032,2.946,2.8,3.867,3.667,5.333,0.641,1.5,5.133,Bambini et al. (2024),6.5,-3.097222222,-3.05,5.84375,sapienzanlp/Minerva-350M-base-v1.0,-3.180555556,-3.0375,7.3125,sapienzanlp/Minerva-3B-base-v1.0,-0.047222222,-0.143055556,-3.263888889,-3.0,-0.263888889,,,-3.447265625,-3.5729166666666665,7.21875,0.12565104166666652
33,istituzione,ingranaggio,,L'istituzione è un ingranaggio.,L'istituzione è come un ingranaggio.,macchina,11.0,,,,11.0,225.0,11.0,2.616,4.172,3.067,3.867,3.267,5.467,0.753,1.7,5.0,Bambini et al. (2024),6.90625,-4.027777778,-3.7,6.59375,sapienzanlp/Minerva-350M-base-v1.0,-3.486111111,-3.525,7.03125,sapienzanlp/Minerva-3B-base-v1.0,-0.327777778,0.038888889,-3.944444444,-3.75,-0.194444444,,,-3.9340277777777777,-3.909375,8.59375,-0.024652777777777857
34,labbro,gommone,,Il labbro è un gommone.,Il labbro è come un gommone.,salvagente,6.0,,,,7.0,158.0,7.0,4.272,4.678,3.706,3.294,4.176,5.533,0.782,1.375,5.833,Bambini et al. (2024),6.625,-3.575,-3.181818182,6.3125,sapienzanlp/Minerva-350M-base-v1.0,-3.975,-3.522727273,7.375,sapienzanlp/Minerva-3B-base-v1.0,-0.393181818,-0.452272727,-3.975,-3.522727273,-0.452272727,,,-4.392361111111111,-3.715625,7.890625,-0.6767361111111105
35,lacrima,fontana,,La lacrima è una fontana.,La lacrima è come una fontana.,giardino,7.0,,,,7.0,176.0,40.0,4.222,4.531,4.588,2.059,5.235,5.067,0.685,1.85,6.385,Bambini et al. (2024),6.90625,-4.21875,-3.861111111,6.8125,sapienzanlp/Minerva-350M-base-v1.0,-4.40625,-4.083333333,7.8125,sapienzanlp/Minerva-3B-base-v1.0,-0.357638889,-0.322916667,-4.1875,-3.833333333,-0.354166667,,,-4.696428571428571,-4.3671875,7.984375,-0.3292410714285712
36,libro,finestra,,Il libro è una finestra.,Il libro è come una finestra.,tapparella,5.0,,,,8.0,1004.0,287.0,3.838,4.962,3.0,3.0,3.733,4.867,0.841,2.0,5.417,Bambini et al. (2024),6.9375,-4.5625,-3.928571429,6.25,sapienzanlp/Minerva-350M-base-v1.0,-4.145833333,-3.928571429,7.3125,sapienzanlp/Minerva-3B-base-v1.0,-0.633928571,-0.217261905,-5.0,-4.25,-0.75,,,-4.171875,-3.904017857142857,7.6484375,-0.2678571428571428
37,linguaggio,ponte,,Il linguaggio è un ponte.,Il linguaggio è come un ponte.,fiume,11.0,,,,5.0,166.0,166.0,2.484,4.404,2.8,3.267,3.467,5.267,0.694,1.6,5.562,Bambini et al. (2024),6.78125,-4.458333333,-4.25,6.15625,sapienzanlp/Minerva-350M-base-v1.0,-4.145833333,-4.053571429,6.4375,sapienzanlp/Minerva-3B-base-v1.0,-0.208333333,-0.092261905,-4.145833333,-4.0,-0.145833333,,,-3.8802083333333335,-3.649553571428572,6.921875,-0.23065476190476142
38,lusinga,miele,,La lusinga è un miele.,La lusinga è come il miele.,sciroppo,7.0,,,,5.0,7.0,63.0,,4.747,3.733,3.467,3.067,6.0,0.811,1.6,5.25,Bambini et al. (2024),7.0,-4.59375,-3.583333333,6.8125,sapienzanlp/Minerva-350M-base-v1.0,-4.6875,-3.555555556,7.25,sapienzanlp/Minerva-3B-base-v1.0,-1.010416667,-1.131944444,-4.8125,-4.083333333,-0.729166667,,,-4.453125,-3.625,6.15625,-0.828125
39,memoria,quaderno,,La memoria è un quaderno.,La memoria è come un quaderno.,penna,7.0,,,,8.0,313.0,18.0,3.374,4.457,4.533,2.667,4.667,3.867,0.683,2.05,5.0,Bambini et al. (2024),7.125,-4.107142857,-3.5625,6.59375,sapienzanlp/Minerva-350M-base-v1.0,-4.107142857,-3.640625,7.3125,sapienzanlp/Minerva-3B-base-v1.0,-0.544642857,-0.466517857,-4.053571429,-3.71875,-0.334821429,,,-4.044642857142857,-3.501953125,7.63671875,-0.5426897321428568
40,menzogna,maschera,,La menzogna è una maschera.,La menzogna è come una maschera.,carnevale,8.0,,,,8.0,32.0,93.0,2.546,4.211,5.0,2.867,4.533,5.8,0.627,1.7,6.111,Bambini et al. (2024),7.28125,-3.484375,-3.347222222,6.0625,sapienzanlp/Minerva-350M-base-v1.0,-3.34375,-3.291666667,7.75,sapienzanlp/Minerva-3B-base-v1.0,-0.137152778,-0.052083333,-3.5625,-3.75,0.1875,,,-3.5669642857142856,-3.552734375,6.9296875,-0.014229910714285587
41,mondo,serra,,Il mondo è una serra.,Il mondo è come una serra.,pianta,5.0,,,,5.0,2193.0,38.0,3.155,3.709,3.4,2.667,3.8,4.533,0.844,1.5,4.5,Bambini et al. (2024),7.5,-4.666666667,-3.857142857,6.0625,sapienzanlp/Minerva-350M-base-v1.0,-4.208333333,-4.303571429,7.65625,sapienzanlp/Minerva-3B-base-v1.0,-0.80952381,0.095238095,-4.208333333,-3.75,-0.458333333,,,-3.9921875,-3.819196428571429,7.53125,-0.17299107142857117
42,motivazione,molla,,La motivazione è una molla.,La motivazione è come una molla.,materasso,11.0,,,,5.0,98.0,31.0,2.51,4.324,3.667,3.2,3.667,5.667,0.675,1.476,4.727,Bambini et al. (2024),7.0625,-4.214285714,-3.859375,5.6875,sapienzanlp/Minerva-350M-base-v1.0,-4.0,-3.609375,7.1875,sapienzanlp/Minerva-3B-base-v1.0,-0.354910714,-0.390625,-4.232142857,-3.921875,-0.310267857,,,-4.6640625,-3.890625,8.40625,-0.7734375
43,nebbia,velo,,La nebbia è un velo.,La nebbia è come un velo.,abito,6.0,,,,4.0,98.0,102.0,3.959,4.318,5.133,1.933,5.333,3.8,0.658,1.81,5.583,Bambini et al. (2024),6.6875,-4.142857143,-3.671875,6.8125,sapienzanlp/Minerva-350M-base-v1.0,-4.142857143,-3.515625,7.8125,sapienzanlp/Minerva-3B-base-v1.0,-0.470982143,-0.627232143,-4.089285714,-3.546875,-0.542410714,,,-5.1484375,-3.828125,7.265625,-1.3203125
44,nuvola,perla,,La nuvola è una perla.,La nuvola è come una perla.,collana,6.0,,,,5.0,79.0,30.0,4.497,4.006,2.067,3.933,2.6,5.8,0.7,1.5,4.812,Bambini et al. (2024),6.875,-3.890625,-3.638888889,6.8125,sapienzanlp/Minerva-350M-base-v1.0,-4.3125,-4.055555556,7.0625,sapienzanlp/Minerva-3B-base-v1.0,-0.251736111,-0.256944444,-4.0,-3.777777778,-0.222222222,,,-4.642857142857143,-4.015625,7.49609375,-0.6272321428571432
45,orecchino,lampadario,,L'orecchino è un lampadario.,L'orecchino è come un lampadario.,soffitto,9.0,,,,10.0,24.0,7.0,4.702,5.097,2.647,3.235,4.0,4.333,0.63,1.8,5.059,Bambini et al. (2024),7.0,-3.272727273,-3.145833333,7.0,sapienzanlp/Minerva-350M-base-v1.0,-3.25,-3.0,7.3125,sapienzanlp/Minerva-3B-base-v1.0,-0.126893939,-0.25,-3.363636364,-3.125,-0.238636364,,,-3.915625,-3.434659090909091,8.515625,-0.4809659090909091
46,orgoglio,scudo,,L'orgoglio è uno scudo.,L'orgoglio è come uno scudo.,stemma,8.0,,,,5.0,110.0,37.0,2.596,4.563,3.2,4.4,3.867,6.067,0.697,1.333,5.529,Bambini et al. (2024),6.9375,-3.402777778,-3.075,6.8125,sapienzanlp/Minerva-350M-base-v1.0,-3.152777778,-3.1,7.59375,sapienzanlp/Minerva-3B-base-v1.0,-0.327777778,-0.052777778,-3.375,-3.275,-0.1,,,-4.410714285714286,-4.078125,7.23828125,-0.3325892857142856
47,ossessione,chiodo,,L'ossessione è un chiodo.,L'ossessione è come un chiodo.,martello,10.0,,,,6.0,45.0,44.0,2.582,4.407,5.6,2.067,5.0,6.2,0.738,1.5,5.818,Bambini et al. (2024),6.25,-3.666666667,-3.25,6.5,sapienzanlp/Minerva-350M-base-v1.0,-3.375,-3.0375,8.125,sapienzanlp/Minerva-3B-base-v1.0,-0.416666667,-0.3375,-3.694444444,-3.525,-0.169444444,,,-3.9722222222222223,-3.64375,7.51953125,-0.3284722222222225
48,ottimismo,batteria,,L'ottimismo è una batteria.,L'ottimismo è come una batteria.,telefono,9.0,,,,8.0,69.0,61.0,2.048,4.106,1.667,4.2,1.667,5.933,0.947,1.5,4.714,Bambini et al. (2024),7.03125,-3.859375,-3.583333333,7.28125,sapienzanlp/Minerva-350M-base-v1.0,-4.03125,-3.583333333,6.8125,sapienzanlp/Minerva-3B-base-v1.0,-0.276041667,-0.447916667,-4.1875,-3.555555556,-0.631944444,,,-4.5859375,-3.798611111111111,7.625,-0.7873263888888888
49,pane,spugna,,Il pane è una spugna.,Il pane è come una spugna.,straccio,4.0,,,,6.0,187.0,38.0,4.666,4.279,2.6,2.733,3.267,4.8,0.801,1.5,4.385,Bambini et al. (2024),7.53125,-4.107142857,-3.5625,7.0625,sapienzanlp/Minerva-350M-base-v1.0,-3.910714286,-3.5,7.65625,sapienzanlp/Minerva-3B-base-v1.0,-0.544642857,-0.410714286,-4.196428571,-3.609375,-0.587053571,,,-4.055803571428571,-3.81640625,7.83203125,-0.23939732142857117
50,patatina,cartone,,La patatina è un cartone.,La patatina è come un cartone.,pacco,8.0,,,,7.0,7.0,64.0,4.928,4.273,3.412,2.941,4.529,3.533,0.734,1.4,4.25,Bambini et al. (2024),7.4375,-5.142857143,-4.8125,6.71875,sapienzanlp/Minerva-350M-base-v1.0,-5.75,-4.96875,7.375,sapienzanlp/Minerva-3B-base-v1.0,-0.330357143,-0.78125,-5.214285714,-4.71875,-0.495535714,,,-5.575892857142857,-4.89453125,7.62109375,-0.6813616071428568
51,paura,tenaglia,,La paura è una tenaglia.,La paura è come una tenaglia.,bullone,5.0,,,,8.0,698.0,6.0,2.739,3.872,4.467,3.2,4.533,5.8,0.738,1.2,5.529,Bambini et al. (2024),6.8125,-4.071428571,-3.75,6.46875,sapienzanlp/Minerva-350M-base-v1.0,-4.196428571,-3.5625,7.875,sapienzanlp/Minerva-3B-base-v1.0,-0.321428571,-0.633928571,-4.285714286,-3.734375,-0.551339286,,,-4.160714285714286,-3.87109375,7.0390625,-0.2896205357142856
52,pelle,ceramica,,La pelle è una ceramica.,La pelle è come una ceramica.,bambola,5.0,,,,8.0,425.0,50.0,4.701,4.1,4.333,2.6,4.867,5.2,0.671,1.6,4.909,Bambini et al. (2024),7.5,-5.125,-4.017857143,6.5,sapienzanlp/Minerva-350M-base-v1.0,-5.25,-4.678571429,8.0,sapienzanlp/Minerva-3B-base-v1.0,-1.107142857,-0.571428571,-5.416666667,-4.553571429,-0.863095238,,,-5.208333333333333,-4.660714285714286,8.109375,-0.5476190476190474
53,pianto,cascata,,Il pianto è una cascata.,Il pianto è come una cascata.,roccia,6.0,,,,7.0,35.0,25.0,3.973,4.07,4.118,2.412,4.882,5.333,0.763,1.9,5.909,Bambini et al. (2024),6.1875,-3.84375,-3.277777778,6.125,sapienzanlp/Minerva-350M-base-v1.0,-4.125,-3.5,7.5,sapienzanlp/Minerva-3B-base-v1.0,-0.565972222,-0.625,-4.375,-3.527777778,-0.847222222,,,-5.484375,-4.424107142857143,7.09375,-1.0602678571428568
54,piede,barca,,Il piede è una barca.,Il piede è come una barca.,vela,5.0,,,,5.0,704.0,171.0,4.116,4.61,2.882,3.235,4.059,4.267,0.774,1.1,4.083,Bambini et al. (2024),6.84375,-5.125,-4.375,6.4375,sapienzanlp/Minerva-350M-base-v1.0,-5.625,-4.267857143,7.5625,sapienzanlp/Minerva-3B-base-v1.0,-0.75,-1.357142857,-5.583333333,-4.267857143,-1.31547619,,,-5.947916666666667,-4.741071428571429,7.4921875,-1.2068452380952381
55,pigiama,stufa,,Il pigiama è una stufa.,Il pigiama è come una stufa.,caldaia,7.0,,,,5.0,16.0,20.0,4.609,4.537,4.467,2.4,5.467,3.467,0.77,1.75,5.0,Bambini et al. (2024),6.625,-3.6,-3.25,6.96875,sapienzanlp/Minerva-350M-base-v1.0,-3.625,-3.659090909,7.125,sapienzanlp/Minerva-3B-base-v1.0,-0.35,0.034090909,-3.55,-3.295454545,-0.254545455,,,-3.8680555555555554,-3.703125,7.640625,-0.16493055555555536
56,poesia,violino,,La poesia è un violino.,La poesia è come un violino.,sonata,6.0,,,,7.0,153.0,35.0,2.934,4.505,3.6,3.267,3.933,4.467,0.763,1.4,4.375,Bambini et al. (2024),7.125,-4.25,-3.546875,6.5,sapienzanlp/Minerva-350M-base-v1.0,-3.928571429,-3.46875,7.34375,sapienzanlp/Minerva-3B-base-v1.0,-0.703125,-0.459821429,-4.214285714,-3.4375,-0.776785714,,,-4.661458333333333,-3.991071428571429,7.66015625,-0.6703869047619042
57,politica,giostra,,La politica è una giostra.,La politica è come una giostra.,scivolo,8.0,,,,7.0,765.0,21.0,2.57,4.212,2.667,4.6,2.933,5.733,0.677,1.6,3.917,Bambini et al. (2024),7.96875,-3.75,-3.46875,6.6875,sapienzanlp/Minerva-350M-base-v1.0,-3.964285714,-3.53125,7.25,sapienzanlp/Minerva-3B-base-v1.0,-0.28125,-0.433035714,-3.946428571,-3.59375,-0.352678571,,,-3.758928571428572,-3.125,7.3203125,-0.6339285714285721
58,pregiudizio,benda,,Il pregiudizio è una benda.,Il pregiudizio è come una benda.,occhi,11.0,,,,5.0,64.0,8.0,2.085,4.47,4.067,2.889,4.241,5.333,0.798,1.4,5.667,Bambini et al. (2024),7.125,-4.625,-3.888888889,6.75,sapienzanlp/Minerva-350M-base-v1.0,-4.375,-3.583333333,7.75,sapienzanlp/Minerva-3B-base-v1.0,-0.736111111,-0.791666667,-4.59375,-3.833333333,-0.760416667,,,-4.90625,-3.796875,7.44140625,-1.109375
59,rancore,miccia,,Il rancore è una miccia.,Il rancore è come una miccia.,dinamite,7.0,,,,6.0,44.0,4.0,2.983,4.534,3.467,3.333,3.933,6.267,0.82,1.8,4.882,Bambini et al. (2024),6.625,-3.722222222,-3.575,6.6875,sapienzanlp/Minerva-350M-base-v1.0,-3.319444444,-3.225,7.875,sapienzanlp/Minerva-3B-base-v1.0,-0.147222222,-0.094444444,-3.666666667,-3.45,-0.216666667,,,-3.390625,-3.1578125,7.3515625,-0.2328125000000001
60,regola,gabbia,,La regola è una gabbia.,La regola è come una gabbia.,sbarre,6.0,,,,6.0,513.0,54.0,2.97,4.597,2.541,3.0,2.867,5.133,0.749,1.714,4.636,Bambini et al. (2024),7.0,-4.607142857,-4.375,6.375,sapienzanlp/Minerva-350M-base-v1.0,-4.267857143,-3.9375,7.09375,sapienzanlp/Minerva-3B-base-v1.0,-0.232142857,-0.330357143,-4.303571429,-4.5625,0.258928571,,,-4.973958333333333,-4.839285714285714,8.4296875,-0.13467261904761862
61,rimorso,spina,,Il rimorso è una spina.,Il rimorso è come una spina.,rosa,7.0,,,,5.0,34.0,41.0,2.911,4.2,3.2,3.267,5.133,5.667,0.825,1.35,4.545,Bambini et al. (2024),6.25,-5.107142857,-4.375,6.03125,sapienzanlp/Minerva-350M-base-v1.0,-4.5,-3.890625,8.25,sapienzanlp/Minerva-3B-base-v1.0,-0.732142857,-0.609375,-4.928571429,-4.15625,-0.772321429,,,-4.629464285714286,-3.765625,6.984375,-0.8638392857142856
62,sarcasmo,pugnale,,Il sarcasmo è un pugnale.,Il sarcasmo è come un pugnale.,spada,8.0,,,,7.0,17.0,12.0,2.817,4.447,2.733,3.6,3.267,5.867,0.672,1.5,4.938,Bambini et al. (2024),7.0625,-3.6,-3.25,6.59375,sapienzanlp/Minerva-350M-base-v1.0,-2.9125,-2.818181818,7.5625,sapienzanlp/Minerva-3B-base-v1.0,-0.35,-0.094318182,-3.925,-3.295454545,-0.629545455,,,-3.5972222222222223,-3.30625,7.546875,-0.2909722222222224
63,sentiero,nastro,,Il sentiero è un nastro.,Il sentiero è come un nastro.,regalo,8.0,,,,6.0,67.0,84.0,4.33,4.574,2.412,3.412,3.706,4.933,0.728,1.571,4.5,Bambini et al. (2024),7.25,-5.333333333,-4.892857143,6.875,sapienzanlp/Minerva-350M-base-v1.0,-5.0625,-4.571428571,7.59375,sapienzanlp/Minerva-3B-base-v1.0,-0.44047619,-0.491071429,-5.541666667,-4.678571429,-0.863095238,,,-5.002604166666667,-4.607142857142857,7.97265625,-0.3954613095238102
64,silenzio,muro,,Il silenzio è un muro.,Il silenzio è come un muro.,cemento,8.0,,,,4.0,381.0,343.0,3.254,4.749,4.867,3.067,4.467,5.867,0.647,1.9,5.818,Bambini et al. (2024),7.53125,-4.3125,-3.625,6.6875,sapienzanlp/Minerva-350M-base-v1.0,-4.145833333,-3.75,7.375,sapienzanlp/Minerva-3B-base-v1.0,-0.6875,-0.395833333,-4.25,-3.964285714,-0.285714286,,,-4.015625,-3.8638392857142856,6.953125,-0.1517857142857144
65,società,mosaico,,La società è un mosaico.,La società è come un mosaico.,arte,7.0,,,,7.0,1078.0,38.0,3.178,3.97,3.467,4.067,3.333,5.8,0.868,1.6,5.062,Bambini et al. (2024),7.875,-4.392857143,-3.828125,6.84375,sapienzanlp/Minerva-350M-base-v1.0,-3.892857143,-3.6875,8.4375,sapienzanlp/Minerva-3B-base-v1.0,-0.564732143,-0.205357143,-4.410714286,-3.921875,-0.488839286,,,-4.203125,-3.7857142857142856,7.171875,-0.4174107142857144
66,solitudine,guscio,,La solitudine è un guscio.,La solitudine è come un guscio.,uovo,10.0,,,,6.0,176.0,17.0,2.86,4.638,4.267,3.2,4.533,6.333,0.747,1.1,5.111,Bambini et al. (2024),6.875,-4.5,-3.953125,6.5625,sapienzanlp/Minerva-350M-base-v1.0,-4.0,-3.640625,7.75,sapienzanlp/Minerva-3B-base-v1.0,-0.546875,-0.359375,-4.107142857,-3.46875,-0.638392857,,,-4.15625,-3.626953125,6.80859375,-0.529296875
67,sorriso,sole,,Il sorriso è un sole.,Il sorriso è come un sole.,raggi,7.0,,,,4.0,309.0,485.0,3.849,3.999,4.067,2.667,3.533,4.733,0.615,2.048,5.769,Bambini et al. (2024),7.125,-5.5,-4.303571429,6.125,sapienzanlp/Minerva-350M-base-v1.0,-5.083333333,-4.178571429,7.3125,sapienzanlp/Minerva-3B-base-v1.0,-1.196428571,-0.904761905,-4.958333333,-4.142857143,-0.81547619,,,-5.278645833333333,-4.361607142857143,7.16796875,-0.9170386904761898
68,spaghetto,colla,,Lo spaghetto è una colla.,Lo spaghetto è come una colla.,forbice,9.0,,,,5.0,36.0,12.0,4.266,4.241,3.2,2.8,4.067,4.733,0.753,1.2,4.267,Bambini et al. (2024),6.53125,-4.25,-4.111111111,7.4375,sapienzanlp/Minerva-350M-base-v1.0,-4.0625,-3.861111111,7.375,sapienzanlp/Minerva-3B-base-v1.0,-0.138888889,-0.201388889,-4.25,-4.027777778,-0.222222222,,,-4.56640625,-4.336805555555555,7.3125,-0.22960069444444464
69,speranza,faro,,La speranza è un faro.,La speranza è come un faro.,luce,8.0,,,,4.0,480.0,39.0,2.595,4.09,5.0,2.4,4.333,5.333,0.695,2.143,5.833,Bambini et al. (2024),6.90625,-3.910714286,-3.703125,6.78125,sapienzanlp/Minerva-350M-base-v1.0,-3.785714286,-3.25,7.53125,sapienzanlp/Minerva-3B-base-v1.0,-0.207589286,-0.535714286,-3.839285714,-3.5,-0.339285714,,,-4.283854166666667,-3.587053571428572,6.92578125,-0.6968005952380949
70,storia,ruota,,La storia è una ruota.,La storia è come una ruota.,carro,6.0,,,,5.0,1662.0,160.0,2.963,4.416,4.0,3.933,3.467,6.067,0.631,1.619,5.0,Bambini et al. (2024),6.875,-4.4375,-4.214285714,6.375,sapienzanlp/Minerva-350M-base-v1.0,-4.1875,-3.821428571,7.4375,sapienzanlp/Minerva-3B-base-v1.0,-0.223214286,-0.366071429,-4.270833333,-3.839285714,-0.431547619,,,-4.119791666666667,-3.462053571428572,7.203125,-0.6577380952380949
71,strada,groviera,,La strada è una groviera.,La strada è come una groviera.,parmigiano,6.0,,,,8.0,1293.0,,4.595,,2.235,3.471,3.588,5.667,0.818,1.333,4.5,Bambini et al. (2024),6.8125,-3.625,-4.027777778,6.6875,sapienzanlp/Minerva-350M-base-v1.0,-3.359375,-3.402777778,8.5,sapienzanlp/Minerva-3B-base-v1.0,0.402777778,0.043402778,-3.734375,-3.555555556,-0.178819444,,,-3.0694444444444446,-3.534375,8.1796875,0.4649305555555552
72,stress,bomba,,Lo stress è una bomba.,Lo stress è come una bomba.,mina,6.0,,,,5.0,81.0,210.0,3.088,4.606,3.867,3.267,3.6,5.6,0.862,1.8,4.818,Bambini et al. (2024),7.125,-4.625,-4.107142857,6.8125,sapienzanlp/Minerva-350M-base-v1.0,-4.458333333,-3.696428571,7.28125,sapienzanlp/Minerva-3B-base-v1.0,-0.517857143,-0.761904762,-4.75,-3.964285714,-0.785714286,,,-4.5703125,-3.977678571428572,7.28125,-0.5926339285714279
73,svago,oasi,,Lo svago è un'oasi.,Lo svago è come un'oasi.,palma,5.0,,,,4.0,28.0,24.0,3.178,3.416,4.067,2.267,4.333,4.8,0.646,1.1,4.375,Bambini et al. (2024),7.15625,-3.944444444,-3.675,6.9375,sapienzanlp/Minerva-350M-base-v1.0,-3.638888889,-3.525,7.25,sapienzanlp/Minerva-3B-base-v1.0,-0.269444444,-0.113888889,-3.694444444,-3.575,-0.119444444,,,-4.28515625,-4.166666666666667,7.51171875,-0.11848958333333304
74,tacco,trampolo,,Il tacco è un trampolo.,Il tacco è come un trampolo.,circo,5.0,,,,8.0,41.0,1.0,4.2,,5.133,1.867,5.0,3.8,0.547,1.9,5.583,Bambini et al. (2024),7.0625,-4.638888889,-4.2,6.9375,sapienzanlp/Minerva-350M-base-v1.0,-3.555555556,-3.65,6.9375,sapienzanlp/Minerva-3B-base-v1.0,-0.438888889,0.094444444,-3.75,-4.025,0.275,,,-4.6796875,-4.201388888888889,6.84765625,-0.4782986111111107
75,talento,diamante,,Il talento è un diamante.,Il talento è come un diamante.,diadema,7.0,,,,8.0,141.0,30.0,3.057,4.213,3.933,3.2,3.733,6.267,0.62,2.1,5.471,Bambini et al. (2024),7.25,-4.0,-3.34375,6.03125,sapienzanlp/Minerva-350M-base-v1.0,-3.839285714,-3.171875,7.96875,sapienzanlp/Minerva-3B-base-v1.0,-0.65625,-0.667410714,-3.964285714,-3.5,-0.464285714,,,-4.8359375,-3.5535714285714284,7.328125,-1.2823660714285716
76,tempo,torrente,,Il tempo è un torrente.,Il tempo è come un torrente.,ghiaia,5.0,,,,8.0,3598.0,33.0,2.914,4.344,4.467,2.6,5.2,5.467,0.805,1.45,5.455,Bambini et al. (2024),6.875,-4.017857143,-3.578125,6.65625,sapienzanlp/Minerva-350M-base-v1.0,-4.25,-3.546875,7.28125,sapienzanlp/Minerva-3B-base-v1.0,-0.439732143,-0.703125,-4.607142857,-3.59375,-1.013392857,,,-4.3984375,-3.546875,7.65625,-0.8515625
77,tradimento,ferita,,Il tradimento è una ferita.,Il tradimento è come una ferita.,cerotto,10.0,,,,6.0,91.0,92.0,3.093,4.093,5.333,1.933,4.667,5.467,0.738,1.5,6.0,Bambini et al. (2024),6.875,-3.571428571,-3.421875,5.875,sapienzanlp/Minerva-350M-base-v1.0,-3.482142857,-3.421875,7.90625,sapienzanlp/Minerva-3B-base-v1.0,-0.149553571,-0.060267857,-3.553571429,-3.59375,0.040178571,,,-3.9479166666666665,-4.084821428571429,7.40625,0.1369047619047623
78,tramonto,fuoco,,Il tramonto è un fuoco.,Il tramonto è come un fuoco.,cenere,8.0,,,,5.0,68.0,609.0,3.857,4.179,4.176,1.941,5.176,5.067,0.687,1.333,5.882,Bambini et al. (2024),6.9375,-5.0,-4.5,6.5625,sapienzanlp/Minerva-350M-base-v1.0,-5.166666667,-4.642857143,7.3125,sapienzanlp/Minerva-3B-base-v1.0,-0.5,-0.523809524,-4.9375,-4.482142857,-0.455357143,,,-5.114583333333333,-4.584821428571429,6.8359375,-0.5297619047619042
79,umiliazione,tatuaggio,,L'umiliazione è un tatuaggio.,L'umiliazione è come un tatuaggio.,disegno,11.0,,,,9.0,29.0,22.0,2.844,4.512,1.4,3.8,2.2,6.0,0.73,1.095,4.6,Bambini et al. (2024),7.09375,-3.430555556,-3.0625,6.875,sapienzanlp/Minerva-350M-base-v1.0,-3.611111111,-3.0875,8.0,sapienzanlp/Minerva-3B-base-v1.0,-0.368055556,-0.523611111,-3.777777778,-3.45,-0.327777778,,,-3.829861111111111,-3.3,7.33984375,-0.5298611111111113
80,vaccino,ombrello,,Il vaccino è un ombrello.,Il vaccino è come un ombrello.,pioggia,7.0,,,,8.0,9.0,31.0,4.112,4.649,3.467,3.581,2.53,5.333,0.831,1.368,5.222,Bambini et al. (2024),7.46875,-4.428571429,-3.921875,6.75,sapienzanlp/Minerva-350M-base-v1.0,-4.107142857,-3.53125,7.0625,sapienzanlp/Minerva-3B-base-v1.0,-0.506696429,-0.575892857,-4.75,-3.703125,-1.046875,,,-4.611607142857143,-3.55859375,8.375,-1.0530133928571432
81,verità,torcia,,La verità è una torcia.,La verità è come una torcia.,grotta,6.0,,,,6.0,519.0,21.0,2.504,4.651,3.4,3.2,3.267,5.2,0.758,1.5,5.235,Bambini et al. (2024),7.03125,-4.428571429,-3.6875,6.5,sapienzanlp/Minerva-350M-base-v1.0,-4.017857143,-3.484375,7.6875,sapienzanlp/Minerva-3B-base-v1.0,-0.741071429,-0.533482143,-4.375,-3.890625,-0.484375,,,-4.102678571428571,-3.421875,7.44921875,-0.6808035714285712
82,vino,rubino,,Il vino è un rubino.,Il vino è come un rubino.,gioiello,4.0,,,,6.0,283.0,7.0,4.204,4.161,2.765,3.647,3.765,4.933,0.574,1.556,5.647,Bambini et al. (2024),6.90625,-4.285714286,-3.5625,7.375,sapienzanlp/Minerva-350M-base-v1.0,-4.5,-4.15625,8.375,sapienzanlp/Minerva-3B-base-v1.0,-0.723214286,-0.34375,-4.267857143,-4.03125,-0.236607143,,,-4.0,-4.04296875,7.5859375,0.04296875
83,vita,altalena,,La vita è un'altalena.,La vita è come un'altalena.,parco,4.0,,,,8.0,2829.0,17.0,2.883,4.312,5.333,2.133,4.067,5.133,0.777,1.7,4.917,Bambini et al. (2024),7.0,-2.736111111,-2.475,6.3125,sapienzanlp/Minerva-350M-base-v1.0,-2.416666667,-2.3,7.625,sapienzanlp/Minerva-3B-base-v1.0,-0.261111111,-0.116666667,-2.611111111,-2.4375,-0.173611111,,,-2.759765625,-2.564236111111111,6.71875,-0.19552951388888884
84,azienda,organismo,A business is a living organism.,Un'azienda è un organismo vivente.,Un'azienda è come un organismo vivente.,,,1.79,3.76,High,,,,,,,,,,,,,Jones and Estes (2006),7.3125,-3.194444444,-3.075,6.6875,sapienzanlp/Minerva-350M-base-v1.0,-2.680555556,-2.4,7.25,sapienzanlp/Minerva-3B-base-v1.0,-0.119444444,-0.280555556,-3.097222222,-3.0125,-0.084722222,,,-3.435546875,-2.717013888888889,7.875,-0.7185329861111112
85,cucina,organismo,A kitchen is a living organism.,Una cucina è un organismo vivente.,Una cucina è come un organismo vivente.,,,1.79,2.85,Low,,,,,,,,,,,,,Jones and Estes (2006),7.375,-3.75,-3.458333333,6.5,sapienzanlp/Minerva-350M-base-v1.0,-3.78125,-3.222222222,7.375,sapienzanlp/Minerva-3B-base-v1.0,-0.291666667,-0.559027778,-3.921875,-3.611111111,-0.310763889,,,-4.337053571428571,-3.78515625,7.984375,-0.5518973214285712
86,portiere,ragno,A goalie is a spider.,Un portiere è un ragno.,Un portiere è come un ragno.,,,1.82,3.27,High,,,,,,,,,,,,,Jones and Estes (2006),6.75,-4.571428571,-4.03125,6.59375,sapienzanlp/Minerva-350M-base-v1.0,-5.035714286,-4.3125,7.40625,sapienzanlp/Minerva-3B-base-v1.0,-0.540178571,-0.723214286,-5.035714286,-4.5,-0.535714286,,,-5.517857142857143,-4.70703125,7.4765625,-0.8108258928571432
87,pescatore,ragno,A fisherman is a spider.,Un pescatore è un ragno.,Un pescatore è come un ragno.,,,1.82,1.76,Low,,,,,,,,,,,,,Jones and Estes (2006),6.21875,-4.3125,-4.0,6.5625,sapienzanlp/Minerva-350M-base-v1.0,-4.375,-4.055555556,7.6875,sapienzanlp/Minerva-3B-base-v1.0,-0.3125,-0.319444444,-4.3125,-4.333333333,0.020833333,,,-4.55859375,-3.8472222222222223,7.38671875,-0.7113715277777777
88,macchina,barca,His old car is a boat.,La sua vecchia macchina è una barca.,La sua vecchia macchina è come una barca.,,,2.42,3.21,High,,,,,,,,,,,,,Jones and Estes (2006),6.46875,-5.09375,-4.888888889,6.78125,sapienzanlp/Minerva-350M-base-v1.0,-4.75,-4.666666667,7.0,sapienzanlp/Minerva-3B-base-v1.0,-0.204861111,-0.083333333,-5.3125,-4.944444444,-0.368055556,,,-4.75,-4.631944444444445,7.60546875,-0.11805555555555536
89,tosaerba,barca,His old lawn mower is a boat.,Il suo vecchio tosaerba è una barca.,Il suo vecchio tosaerba è come una barca.,,,2.42,2.61,Low,,,,,,,,,,,,,Jones and Estes (2006),6.4375,-4.825,-4.545454545,7.1875,sapienzanlp/Minerva-350M-base-v1.0,-4.55,-4.568181818,6.75,sapienzanlp/Minerva-3B-base-v1.0,-0.279545455,0.018181818,-4.725,-4.386363636,-0.338636364,,,-4.4,-4.375,7.6484375,-0.025000000000000355
90,castori,boscaioli,Beavers are lumberjacks.,I castori sono boscaioli.,I castori sono come boscaioli.,,,2.58,5.24,High,,,,,,,,,,,,,Jones and Estes (2006),7.25,-4.222222222,-3.875,6.5625,sapienzanlp/Minerva-350M-base-v1.0,-3.388888889,-3.675,7.625,sapienzanlp/Minerva-3B-base-v1.0,-0.347222222,0.286111111,-3.75,-4.15,0.4,,,-3.6006944444444446,-3.95625,7.1484375,0.3555555555555552
91,termiti,boscaioli,Termites are lumberjacks.,Le termiti sono boscaioli.,Le termiti sono come boscaioli.,,,2.58,4.18,Low,,,,,,,,,,,,,Jones and Estes (2006),7.0,-4.25,-4.075,6.96875,sapienzanlp/Minerva-350M-base-v1.0,-4.25,-4.0,7.25,sapienzanlp/Minerva-3B-base-v1.0,-0.175,-0.25,-4.055555556,-4.15,0.094444444,,,-3.4809027777777777,-3.9625,7.09375,0.48159722222222223
92,stomaci,botti,Some stomachs are barrels.,Alcuni stomaci sono botti.,Alcuni stomaci sono come botti.,,,2.64,4.7,High,,,,,,,,,,,,,Jones and Estes (2006),7.25,-7.208333333,-6.535714286,6.6875,sapienzanlp/Minerva-350M-base-v1.0,-7.5,-6.25,7.5,sapienzanlp/Minerva-3B-base-v1.0,-0.672619048,-1.25,-7.541666667,-6.25,-1.291666667,,,-5.924107142857143,-4.7890625,6.94140625,-1.1350446428571432
93,vesciche,botti,Some bladders are barrels.,Alcune vesciche sono botti.,Alcune vesciche sono come botti.,,,2.64,3.59,Low,,,,,,,,,,,,,Jones and Estes (2006),6.9375,-6.464285714,-5.84375,6.875,sapienzanlp/Minerva-350M-base-v1.0,-6.678571429,-5.875,7.25,sapienzanlp/Minerva-3B-base-v1.0,-0.620535714,-0.803571429,-6.964285714,-6.40625,-0.558035714,,,-6.330357142857143,-5.5546875,6.7890625,-0.7756696428571432
94,lezioni,sonniferi,Some lectures are sleeping pills.,Alcune lezioni sono sonniferi.,Alcune lezioni sono come sonniferi.,,,2.67,6.09,High,,,,,,,,,,,,,Jones and Estes (2006),6.5625,-5.892857143,-5.15625,6.46875,sapienzanlp/Minerva-350M-base-v1.0,-6.035714286,-5.21875,6.875,sapienzanlp/Minerva-3B-base-v1.0,-0.736607143,-0.816964286,-6.142857143,-5.46875,-0.674107143,,,-5.339285714285714,-4.796875,6.98828125,-0.5424107142857144
95,comici,sonniferi,Some comedians are sleeping pills.,Alcuni comici sono sonniferi.,Alcuni comici sono come sonniferi.,,,2.67,3.31,Low,,,,,,,,,,,,,Jones and Estes (2006),6.375,-4.6875,-4.527777778,6.25,sapienzanlp/Minerva-350M-base-v1.0,-5.09375,-4.527777778,6.875,sapienzanlp/Minerva-3B-base-v1.0,-0.159722222,-0.565972222,-5.40625,-4.833333333,-0.572916667,,,-5.62109375,-4.78125,6.3046875,-0.83984375
96,ricerca,alpinismo,Research is mountain climbing.,La ricerca è l'alpinismo.,La ricerca è come l'alpinismo.,,,2.97,4.27,High,,,,,,,,,,,,,Jones and Estes (2006),7.1875,-3.916666667,-3.8,7.375,sapienzanlp/Minerva-350M-base-v1.0,-4.222222222,-3.35,6.6875,sapienzanlp/Minerva-3B-base-v1.0,-0.116666667,-0.872222222,-4.083333333,-3.6,-0.483333333,,,-3.7118055555555554,-3.165625,8.125,-0.5461805555555554
97,valutazione,alpinismo,Grading is mountain climbing.,La valutazione è l'alpinismo.,La valutazione è come l'alpinismo.,,,2.97,2.9,Low,,,,,,,,,,,,,Jones and Estes (2006),6.625,-4.055555556,-3.8,6.78125,sapienzanlp/Minerva-350M-base-v1.0,-4.472222222,-3.625,6.8125,sapienzanlp/Minerva-3B-base-v1.0,-0.255555556,-0.847222222,-4.666666667,-3.825,-0.841666667,,,-4.333333333333333,-3.45625,8.984375,-0.8770833333333332
98,sguardo,ghiaccio,Her unflinching gaze is ice.,Il suo sguardo impassibile è ghiaccio.,Il suo sguardo impassibile è come ghiaccio.,,,3.0,4.48,High,,,,,,,,,,,,,Jones and Estes (2006),6.59375,-4.361111111,-4.3,6.28125,sapienzanlp/Minerva-350M-base-v1.0,-4.111111111,-3.775,6.90625,sapienzanlp/Minerva-3B-base-v1.0,-0.061111111,-0.336111111,-4.916666667,-4.45,-0.466666667,,,-4.270833333333333,-3.7625,7.5546875,-0.5083333333333329
99,cenno,ghiaccio,Her quick nod is ice.,Il suo rapido cenno è ghiaccio.,Il suo rapido cenno è come ghiaccio.,,,3.0,3.61,Low,,,,,,,,,,,,,Jones and Estes (2006),6.65625,-6.0625,-6.166666667,6.5625,sapienzanlp/Minerva-350M-base-v1.0,-5.9375,-5.833333333,7.5625,sapienzanlp/Minerva-3B-base-v1.0,0.104166667,-0.104166667,-6.3125,-5.861111111,-0.451388889,,,-5.890625,-5.381944444444445,6.91015625,-0.5086805555555554
100,madre,mulo,Her mother is a mule.,Sua madre è un mulo.,Sua madre è come un mulo.,,,3.0,3.17,High,,,,,,,,,,,,,Jones and Estes (2006),7.03125,-5.178571429,-5.0625,6.8125,sapienzanlp/Minerva-350M-base-v1.0,-4.5,-4.1875,7.625,sapienzanlp/Minerva-3B-base-v1.0,-0.116071429,-0.3125,-4.232142857,-4.1875,-0.044642857,,,-4.674107142857143,-4.61328125,7.22265625,-0.06082589285714324
101,parrucchiere,mulo,Her hairdresser is a mule.,Il suo parrucchiere è un mulo.,Il suo parrucchiere è come un mulo.,,,3.0,2.03,Low,,,,,,,,,,,,,Jones and Estes (2006),6.375,-3.8,-3.568181818,7.0,sapienzanlp/Minerva-350M-base-v1.0,-3.8,-3.863636364,7.125,sapienzanlp/Minerva-3B-base-v1.0,-0.231818182,0.063636364,-3.85,-3.954545455,0.104545455,,,-4.423611111111111,-4.375,7.14453125,-0.048611111111110716
102,insulti,rasoi,Insults are razors.,Gli insulti sono rasoi.,Gli insulti sono come rasoi.,,,3.18,5.41,High,,,,,,,,,,,,,Jones and Estes (2006),7.1875,-4.4375,-3.833333333,7.0625,sapienzanlp/Minerva-350M-base-v1.0,-4.28125,-4.0,7.3125,sapienzanlp/Minerva-3B-base-v1.0,-0.604166667,-0.28125,-4.625,-4.277777778,-0.347222222,,,-5.59375,-4.839285714285714,7.171875,-0.7544642857142856
103,valutazioni,rasoi,Evaluations are razors.,Le valutazioni sono rasoi.,Le valutazioni sono come rasoi.,,,3.18,3.52,Low,,,,,,,,,,,,,Jones and Estes (2006),6.75,-6.0,-4.96875,7.125,sapienzanlp/Minerva-350M-base-v1.0,-5.428571429,-4.625,7.125,sapienzanlp/Minerva-3B-base-v1.0,-1.03125,-0.803571429,-5.785714286,-5.21875,-0.566964286,,,-6.328125,-5.236607142857143,7.265625,-1.0915178571428568
104,fumo,bomba,Smoking is a time bomb.,Il fumo è una bomba a orologeria.,Il fumo è come una bomba a orologeria.,,,3.18,5.24,High,,,,,,,,,,,,,Jones and Estes (2006),7.125,-2.7875,-2.715909091,6.4375,sapienzanlp/Minerva-350M-base-v1.0,-2.8625,-2.727272727,6.90625,sapienzanlp/Minerva-3B-base-v1.0,-0.071590909,-0.135227273,-2.85,-2.840909091,-0.009090909,,,-2.7046875,-2.5767045454545454,7.55859375,-0.1279829545454545
105,cocaina,bomba,Cocaine is a time bomb.,La cocaina è una bomba a orologeria.,La cocaina è come una bomba a orologeria.,,,3.18,4.66,Low,,,,,,,,,,,,,Jones and Estes (2006),6.875,-2.784090909,-2.75,6.5,sapienzanlp/Minerva-350M-base-v1.0,-2.636363636,-2.604166667,7.0625,sapienzanlp/Minerva-3B-base-v1.0,-0.034090909,-0.03219697,-2.806818182,-2.708333333,-0.098484848,,,-2.940625,-2.882102272727273,7.796875,-0.05852272727272689
106,istruzione,lanterna,Education is a lantern.,L'istruzione è una lanterna.,L'istruzione è come una lanterna.,,,3.21,5.17,High,,,,,,,,,,,,,Jones and Estes (2006),7.03125,-4.055555556,-3.35,7.21875,sapienzanlp/Minerva-350M-base-v1.0,-3.861111111,-3.325,6.625,sapienzanlp/Minerva-3B-base-v1.0,-0.705555556,-0.536111111,-3.611111111,-3.275,-0.336111111,,,-3.482638888888889,-2.9484375,7.23046875,-0.534201388888889
107,dibattito,lanterna,Debate is a lantern.,Il dibattito è una lanterna.,Il dibattito è come una lanterna.,,,3.21,3.18,Low,,,,,,,,,,,,,Jones and Estes (2006),6.78125,-4.5,-3.805555556,6.0625,sapienzanlp/Minerva-350M-base-v1.0,-4.65625,-4.194444444,7.625,sapienzanlp/Minerva-3B-base-v1.0,-0.694444444,-0.461805556,-4.3125,-4.083333333,-0.229166667,,,-4.54296875,-3.9895833333333335,8.390625,-0.5533854166666665
108,marito,gioiello,Her husband is a gem.,Suo marito è un gioiello.,Suo marito è come un gioiello.,,,3.45,4.97,High,,,,,,,,,,,,,Jones and Estes (2006),7.1875,-5.416666667,-4.964285714,6.125,sapienzanlp/Minerva-350M-base-v1.0,-5.25,-4.607142857,7.4375,sapienzanlp/Minerva-3B-base-v1.0,-0.452380952,-0.642857143,-5.270833333,-5.0,-0.270833333,,,-5.104166666666667,-4.928571428571429,7.4296875,-0.17559523809523814
109,ex marito,gioiello,Her ex-husband is a gem.,Il suo ex marito è un gioiello.,Il suo ex marito è come un gioiello.,,,3.45,3.64,Low,,,,,,,,,,,,,Jones and Estes (2006),6.78125,-4.84375,-4.416666667,6.1875,sapienzanlp/Minerva-350M-base-v1.0,-4.46875,-4.333333333,6.84375,sapienzanlp/Minerva-3B-base-v1.0,-0.427083333,-0.135416667,-4.875,-4.611111111,-0.263888889,,,-4.48828125,-4.604166666666667,7.765625,0.11588541666666696
110,gallo,sveglia,A rooster is an alarm clock.,Un gallo è una sveglia.,Un gallo è come una sveglia.,,,3.48,5.52,High,,,,,,,,,,,,,Jones and Estes (2006),6.15625,-5.5,-4.9375,6.75,sapienzanlp/Minerva-350M-base-v1.0,-4.964285714,-4.375,7.3125,sapienzanlp/Minerva-3B-base-v1.0,-0.5625,-0.589285714,-5.321428571,-5.4375,0.116071429,,,-4.763392857142857,-4.28125,7.37890625,-0.48214285714285676
111,pettirosso,sveglia,A robin is an alarm clock.,Un pettirosso è una sveglia.,Un pettirosso è come una sveglia.,,,3.48,3.88,Low,,,,,,,,,,,,,Jones and Estes (2006),6.0,-4.8125,-4.25,6.84375,sapienzanlp/Minerva-350M-base-v1.0,-5.09375,-4.416666667,7.03125,sapienzanlp/Minerva-3B-base-v1.0,-0.5625,-0.677083333,-4.59375,-4.25,-0.34375,,,-4.58984375,-4.138888888888889,7.2890625,-0.4509548611111107
112,corso di informatica,barzelletta,My computer skills course is a joke.,Il mio corso di informatica è una barzelletta.,Il mio corso di informatica è come una barzelletta.,,,3.52,5.48,High,,,,,,,,,,,,,Jones and Estes (2006),6.5625,-3.354166667,-3.307692308,6.25,sapienzanlp/Minerva-350M-base-v1.0,-3.291666667,-3.211538462,7.0625,sapienzanlp/Minerva-3B-base-v1.0,-0.046474359,-0.080128205,-3.416666667,-3.288461538,-0.128205128,,,-3.34375,-3.3100961538461537,7.77734375,-0.033653846153846256
113,corso di chimica organica,barzelletta,My organic chemistry course is a joke.,Il mio corso di chimica organica è una barzelletta.,Il mio corso di chimica organica è come una barzelletta.,,,3.52,4.31,Low,,,,,,,,,,,,,Jones and Estes (2006),6.5625,-3.196428571,-3.166666667,7.03125,sapienzanlp/Minerva-350M-base-v1.0,-3.071428571,-3.016666667,6.8125,sapienzanlp/Minerva-3B-base-v1.0,-0.029761905,-0.054761905,-3.267857143,-3.166666667,-0.101190476,,,-3.1947115384615383,-3.2544642857142856,7.6484375,0.05975274725274726
114,mente,arena,The mind is an arena.,La mente è un'arena.,La mente è come un'arena.,,,3.55,4.72,High,,,,,,,,,,,,,Jones and Estes (2006),7.25,-3.421875,-3.333333333,6.4375,sapienzanlp/Minerva-350M-base-v1.0,-3.5,-3.291666667,7.6875,sapienzanlp/Minerva-3B-base-v1.0,-0.088541667,-0.208333333,-3.59375,-3.263888889,-0.329861111,,,-4.366071428571429,-4.2578125,7.59765625,-0.10825892857142883
115,subconscio,arena,The subconscious is an arena.,Il subconscio è un'arena.,Il subconscio è come un'arena.,,,3.55,4.03,Low,,,,,,,,,,,,,Jones and Estes (2006),6.6875,-3.55,-3.295454545,6.1875,sapienzanlp/Minerva-350M-base-v1.0,-3.425,-3.181818182,7.75,sapienzanlp/Minerva-3B-base-v1.0,-0.254545455,-0.243181818,-3.525,-3.181818182,-0.343181818,,,-3.8055555555555554,-3.615625,6.66796875,-0.18993055555555527
116,negozi,giungle,Many stores are jungles.,Molti negozi sono giungle.,Molti negozi sono come giungle.,,,3.55,4.36,High,,,,,,,,,,,,,Jones and Estes (2006),7.1875,-6.75,-6.178571429,6.96875,sapienzanlp/Minerva-350M-base-v1.0,-6.5,-5.392857143,7.5,sapienzanlp/Minerva-3B-base-v1.0,-0.571428571,-1.107142857,-6.791666667,-5.75,-1.041666667,,,-6.375,-5.366071428571429,7.12890625,-1.0089285714285712
117,spiagge,giungle,Many beaches are jungles.,Molte spiagge sono giungle.,Molte spiagge sono come giungle.,,,3.55,2.24,Low,,,,,,,,,,,,,Jones and Estes (2006),7.46875,-6.625,-5.821428571,6.8125,sapienzanlp/Minerva-350M-base-v1.0,-6.208333333,-5.5,7.6875,sapienzanlp/Minerva-3B-base-v1.0,-0.803571429,-0.708333333,-6.5,-5.321428571,-1.178571429,,,-6.739583333333333,-5.620535714285714,6.80078125,-1.1190476190476186
118,classe dell'asilo,zoo,His kindergarten class is a zoo.,La sua classe dell'asilo è uno zoo.,La sua classe dell'asilo è come uno zoo.,,,3.58,5.69,High,,,,,,,,,,,,,Jones and Estes (2006),6.25,-4.020833333,-3.884615385,6.25,sapienzanlp/Minerva-350M-base-v1.0,-3.666666667,-3.596153846,7.375,sapienzanlp/Minerva-3B-base-v1.0,-0.136217949,-0.070512821,-4.354166667,-4.134615385,-0.219551282,,,-4.221875,-4.196022727272728,6.73828125,-0.02585227272727142
119,classe universitaria,zoo,His college class is a zoo.,La sua classe universitaria è uno zoo.,La sua classe universitaria è come uno zoo.,,,3.58,4.64,Low,,,,,,,,,,,,,Jones and Estes (2006),6.8125,-4.425,-4.045454545,6.9375,sapienzanlp/Minerva-350M-base-v1.0,-4.35,-4.272727273,7.1875,sapienzanlp/Minerva-3B-base-v1.0,-0.379545455,-0.077272727,-4.55,-4.318181818,-0.231818182,,,-5.20703125,-4.927083333333333,7.078125,-0.27994791666666696
120,vialetto,pista di pattinaggio,The driveway is an ice rink.,Il vialetto è una pista di pattinaggio.,Il vialetto è come una pista di pattinaggio.,,,3.64,4.0,High,,,,,,,,,,,,,Jones and Estes (2006),6.9375,-3.041666667,-2.788461538,7.5625,sapienzanlp/Minerva-350M-base-v1.0,-3.291666667,-2.653846154,7.625,sapienzanlp/Minerva-3B-base-v1.0,-0.253205128,-0.637820513,-2.979166667,-2.75,-0.229166667,,,-3.4829545454545454,-3.109375,7.6328125,-0.3735795454545454
121,prato,pista di pattinaggio,The front lawn is an ice rink.,Il prato davanti casa è una pista di pattinaggio.,Il prato davanti casa è come una pista di pattinaggio.,,,3.64,2.86,Low,,,,,,,,,,,,,Jones and Estes (2006),6.3125,-3.153846154,-2.928571429,6.84375,sapienzanlp/Minerva-350M-base-v1.0,-2.942307692,-2.803571429,7.0,sapienzanlp/Minerva-3B-base-v1.0,-0.225274725,-0.138736264,-3.25,-2.964285714,-0.285714286,,,-3.8892045454545454,-3.5182291666666665,7.8125,-0.3709753787878789
122,esame finale di geografia,impresa,Her final exam in Geography was a bear.,Il suo esame finale di geografia era un'impresa.,Il suo esame finale di geografia era come un'impresa.,,,3.73,3.41,High,,,,,,,,,,,,,Jones and Estes (2006),6.3125,-4.333333333,-4.442307692,6.3125,sapienzanlp/Minerva-350M-base-v1.0,-4.416666667,-4.365384615,7.375,sapienzanlp/Minerva-3B-base-v1.0,0.108974359,-0.051282051,-4.541666667,-4.519230769,-0.022435897,,,-4.923295454545454,-5.0390625,8.4140625,0.11576704545454586
123,estati libere,impresa,Having summers off was a bear.,Avere le estati libere era un'impresa.,Avere le estati libere era come un'impresa.,,,3.73,2.12,Low,,,,,,,,,,,,,Jones and Estes (2006),6.25,-4.431818182,-4.666666667,6.25,sapienzanlp/Minerva-350M-base-v1.0,-4.431818182,-4.6875,7.15625,sapienzanlp/Minerva-3B-base-v1.0,0.234848485,0.255681818,-4.227272727,-4.3125,0.085227273,,,-5.2,-5.556818181818182,8.078125,0.3568181818181815
124,bugia,pugnale,A lie is a dagger.,Una bugia è un pugnale.,Una bugia è come un pugnale.,,,3.73,5.69,High,,,,,,,,,,,,,Jones and Estes (2006),7.03125,-3.638888889,-3.45,6.28125,sapienzanlp/Minerva-350M-base-v1.0,-3.5,-3.175,7.8125,sapienzanlp/Minerva-3B-base-v1.0,-0.188888889,-0.325,-3.833333333,-3.25,-0.583333333,,,-4.03515625,-3.298611111111111,6.84765625,-0.7365451388888888
125,desiderio,pugnale,A wish is a dagger.,Un desiderio è un pugnale.,Un desiderio è come un pugnale.,,,3.73,2.48,Low,,,,,,,,,,,,,Jones and Estes (2006),6.8125,-4.53125,-4.083333333,6.75,sapienzanlp/Minerva-350M-base-v1.0,-4.375,-3.944444444,7.5,sapienzanlp/Minerva-3B-base-v1.0,-0.447916667,-0.430555556,-4.25,-3.861111111,-0.388888889,,,-5.080357142857143,-4.25390625,6.8828125,-0.8264508928571432
126,brutta notizia,terremoto,The bad news was an earthquake.,La brutta notizia è stata un terremoto.,La brutta notizia è stata come un terremoto.,,,3.85,4.79,High,,,,,,,,,,,,,Jones and Estes (2006),6.84375,-4.03125,-4.138888889,6.5,sapienzanlp/Minerva-350M-base-v1.0,-4.3125,-3.777777778,7.875,sapienzanlp/Minerva-3B-base-v1.0,0.107638889,-0.534722222,-4.5,-4.027777778,-0.472222222,,,-4.13671875,-3.8819444444444446,7.3984375,-0.25477430555555536
127,buona notizia,terremoto,The good news was an earthquake.,La buona notizia è stata un terremoto.,La buona notizia è stata come un terremoto.,,,3.85,2.0,Low,,,,,,,,,,,,,Jones and Estes (2006),6.96875,-4.03125,-4.083333333,6.375,sapienzanlp/Minerva-350M-base-v1.0,-4.34375,-3.75,7.71875,sapienzanlp/Minerva-3B-base-v1.0,0.052083333,-0.59375,-4.625,-4.083333333,-0.541666667,,,-4.1953125,-4.100694444444445,6.85546875,-0.09461805555555536
128,zoo,museo,A zoo is a museum.,Uno zoo è un museo.,Uno zoo è come un museo.,,,3.94,4.14,High,,,,,,,,,,,,,Jones and Estes (2006),8.0,-3.714285714,-3.5,6.6875,sapienzanlp/Minerva-350M-base-v1.0,-4.017857143,-3.78125,7.3125,sapienzanlp/Minerva-3B-base-v1.0,-0.214285714,-0.236607143,-3.946428571,-3.953125,0.006696429,,,-5.671875,-4.65625,8.1875,-1.015625
129,conferenza,museo,A conference is a museum.,Una conferenza è un museo.,Una conferenza è come un museo.,,,3.94,2.48,Low,,,,,,,,,,,,,Jones and Estes (2006),7.40625,-5.625,-4.714285714,6.1875,sapienzanlp/Minerva-350M-base-v1.0,-5.625,-4.678571429,7.125,sapienzanlp/Minerva-3B-base-v1.0,-0.910714286,-0.946428571,-5.708333333,-5.035714286,-0.672619048,,,-5.953125,-4.776785714285714,7.71484375,-1.1763392857142856
130,avventura,montagna russa,Adventure is a roller coaster.,L'avventura è una montagna russa.,L'avventura è come una montagna russa.,,,3.97,5.66,High,,,,,,,,,,,,,Jones and Estes (2006),6.65625,-3.8125,-3.430555556,6.9375,sapienzanlp/Minerva-350M-base-v1.0,-4.0625,-3.555555556,8.0625,sapienzanlp/Minerva-3B-base-v1.0,-0.381944444,-0.506944444,-3.65625,-3.486111111,-0.170138889,,,-4.203125,-3.5416666666666665,8.046875,-0.6614583333333335
131,viaggiare,montagna russa,Traveling is a roller coaster.,Viaggiare è una montagna russa.,Viaggiare è come una montagna russa.,,,3.97,4.79,Low,,,,,,,,,,,,,Jones and Estes (2006),6.875,-4.321428571,-3.609375,6.65625,sapienzanlp/Minerva-350M-base-v1.0,-4.214285714,-4.03125,7.4375,sapienzanlp/Minerva-3B-base-v1.0,-0.712053571,-0.183035714,-4.357142857,-3.65625,-0.700892857,,,-4.243303571428571,-4.16796875,6.1875,-0.07533482142857117
132,impronta digitale,ritratto,That criminal's fingerprint is a portrait.,L'impronta digitale di quel criminale è un ritratto.,L'impronta digitale di quel criminale è come un ritratto.,,,4.03,4.85,High,,,,,,,,,,,,,Jones and Estes (2006),7.125,-4.125,-3.942307692,6.25,sapienzanlp/Minerva-350M-base-v1.0,-4.083333333,-4.0,7.0,sapienzanlp/Minerva-3B-base-v1.0,-0.182692308,-0.083333333,-4.3125,-4.230769231,-0.081730769,,,-4.480113636363637,-4.200520833333333,8.21875,-0.27959280303030365
133,percorso,ritratto,That criminal's pathway is a portrait.,Il percorso di quel criminale è un ritratto.,Il percorso di quel criminale è come un ritratto.,,,4.03,2.79,Low,,,,,,,,,,,,,Jones and Estes (2006),6.75,-5.694444444,-5.4,6.40625,sapienzanlp/Minerva-350M-base-v1.0,-5.611111111,-5.25,7.25,sapienzanlp/Minerva-3B-base-v1.0,-0.294444444,-0.361111111,-5.555555556,-5.125,-0.430555556,,,-5.614583333333333,-5.346875,8.09375,-0.2677083333333332
134,insegnanti,enciclopedie,Some teachers are encyclopedias.,Alcuni insegnanti sono enciclopedie.,Alcuni insegnanti sono come enciclopedie.,,,4.09,5.64,High,,,,,,,,,,,,,Jones and Estes (2006),7.5,-5.21875,-4.75,7.03125,sapienzanlp/Minerva-350M-base-v1.0,-4.90625,-4.416666667,7.25,sapienzanlp/Minerva-3B-base-v1.0,-0.46875,-0.489583333,-5.15625,-4.75,-0.40625,,,-4.8515625,-4.097222222222222,6.9296875,-0.7543402777777777
135,allenatori,enciclopedie,Some coaches are encyclopedias.,Alcuni allenatori sono enciclopedie.,Alcuni allenatori sono come enciclopedie.,,,4.09,3.31,Low,,,,,,,,,,,,,Jones and Estes (2006),7.375,-4.777777778,-4.45,6.5625,sapienzanlp/Minerva-350M-base-v1.0,-4.472222222,-3.925,7.75,sapienzanlp/Minerva-3B-base-v1.0,-0.327777778,-0.547222222,-4.666666667,-4.45,-0.216666667,,,-4.88671875,-4.409722222222222,6.26953125,-0.4769965277777777
136,nonna,pesca,My grandmother is a peach.,Mia nonna è una pesca.,Mia nonna è come una pesca.,,,4.09,4.82,High,,,,,,,,,,,,,Jones and Estes (2006),7.25,-6.291666667,-5.571428571,6.0,sapienzanlp/Minerva-350M-base-v1.0,-4.979166667,-4.607142857,7.375,sapienzanlp/Minerva-3B-base-v1.0,-0.720238095,-0.37202381,-5.375,-4.821428571,-0.553571429,,,-5.135416666666667,-5.245535714285714,7.21484375,0.11011904761904745
137,ragazzo,pesca,My boyfriend is a peach.,Il mio ragazzo è una pesca.,Il mio ragazzo è come una pesca.,,,4.09,3.41,Low,,,,,,,,,,,,,Jones and Estes (2006),5.90625,-4.964285714,-4.53125,6.0625,sapienzanlp/Minerva-350M-base-v1.0,-4.553571429,-4.28125,6.5625,sapienzanlp/Minerva-3B-base-v1.0,-0.433035714,-0.272321429,-4.642857143,-4.1875,-0.455357143,,,-4.959821428571429,-4.98828125,7.390625,0.028459821428571175
138,peperoncini jalapeño,fuoco,Jalapeño peppers are fire.,I peperoncini jalapeño sono fuoco.,I peperoncini jalapeño sono come fuoco.,,,4.12,5.03,High,,,,,,,,,,,,,Jones and Estes (2006),7.03125,-4.295454545,-3.895833333,7.5625,sapienzanlp/Minerva-350M-base-v1.0,-3.681818182,-3.520833333,7.25,sapienzanlp/Minerva-3B-base-v1.0,-0.399621212,-0.160984848,-4.045454545,-3.895833333,-0.149621212,,,-3.63125,-3.53125,7.13671875,-0.10000000000000009
139,peperoni,fuoco,Bell peppers are fire.,I peperoni sono fuoco.,I peperoni sono come fuoco.,,,4.12,3.97,Low,,,,,,,,,,,,,Jones and Estes (2006),7.25,-5.583333333,-4.964285714,7.375,sapienzanlp/Minerva-350M-base-v1.0,-5.583333333,-5.321428571,7.3125,sapienzanlp/Minerva-3B-base-v1.0,-0.619047619,-0.261904762,-6.291666667,-5.607142857,-0.68452381,,,-6.078125,-5.303571428571429,7.81640625,-0.7745535714285712
140,divorzi,tempeste,Some divorces are storms.,Alcuni divorzi sono tempeste.,Alcuni divorzi sono come tempeste.,,,4.12,5.7,High,,,,,,,,,,,,,Jones and Estes (2006),6.5,-5.642857143,-5.5,6.25,sapienzanlp/Minerva-350M-base-v1.0,-5.428571429,-4.71875,7.75,sapienzanlp/Minerva-3B-base-v1.0,-0.142857143,-0.709821429,-6.035714286,-5.34375,-0.691964286,,,-5.464285714285714,-4.9609375,7.1015625,-0.5033482142857144
141,adozioni,tempeste,Some adoptions are storms.,Alcune adozioni sono tempeste.,Alcune adozioni sono come tempeste.,,,4.12,2.59,Low,,,,,,,,,,,,,Jones and Estes (2006),6.6875,-5.785714286,-5.625,6.78125,sapienzanlp/Minerva-350M-base-v1.0,-6.035714286,-4.96875,7.25,sapienzanlp/Minerva-3B-base-v1.0,-0.160714286,-1.066964286,-5.428571429,-5.25,-0.178571429,,,-4.81640625,-4.503472222222222,6.37890625,-0.3129340277777777
142,sarcasmo,velo,Sarcasm is a veil.,Il sarcasmo è un velo.,Il sarcasmo è come un velo.,,,4.15,4.67,High,,,,,,,,,,,,,Jones and Estes (2006),7.375,-4.5,-3.972222222,6.53125,sapienzanlp/Minerva-350M-base-v1.0,-4.0625,-3.638888889,7.3125,sapienzanlp/Minerva-3B-base-v1.0,-0.527777778,-0.423611111,-4.4375,-3.916666667,-0.520833333,,,-4.203125,-3.982638888888889,7.1640625,-0.22048611111111116
143,ostilità,velo,Hostility is a veil.,L'ostilità è un velo.,L'ostilità è come un velo.,,,4.15,3.79,Low,,,,,,,,,,,,,Jones and Estes (2006),7.15625,-4.125,-3.75,7.5,sapienzanlp/Minerva-350M-base-v1.0,-4.3125,-3.833333333,7.40625,sapienzanlp/Minerva-3B-base-v1.0,-0.375,-0.479166667,-4.375,-3.861111111,-0.513888889,,,-4.31640625,-3.8541666666666665,7.125,-0.4622395833333335
144,musica,medicina,Music can be medicine.,La musica è una medicina.,La musica è come una medicina.,,,4.18,6.18,High,,,,,,,,,,,,,Jones and Estes (2006),7.34375,-3.833333333,-3.5,5.90625,sapienzanlp/Minerva-350M-base-v1.0,-3.958333333,-3.5,7.71875,sapienzanlp/Minerva-3B-base-v1.0,-0.333333333,-0.458333333,-3.666666667,-3.285714286,-0.380952381,,,-3.6458333333333335,-3.515625,7.54296875,-0.13020833333333348
145,reality show,medicina,Reality TV can be medicine.,I reality show sono una medicina.,I reality show sono come una medicina.,,,4.18,2.69,Low,,,,,,,,,,,,,Jones and Estes (2006),7.125,-5.142857143,-4.34375,5.9375,sapienzanlp/Minerva-350M-base-v1.0,-4.821428571,-4.40625,7.9375,sapienzanlp/Minerva-3B-base-v1.0,-0.799107143,-0.415178571,-4.964285714,-4.5,-0.464285714,,,-5.080357142857143,-4.203125,6.94921875,-0.8772321428571432
146,modella,acciuga,That fashion model is a rail.,Quella modella è un'acciuga.,Quella modella è come un'acciuga.,,,4.21,5.3,High,,,,,,,,,,,,,Jones and Estes (2006),7.09375,-4.333333333,-4.15,6.71875,sapienzanlp/Minerva-350M-base-v1.0,-4.361111111,-4.625,7.5,sapienzanlp/Minerva-3B-base-v1.0,-0.183333333,0.263888889,-4.5,-4.275,-0.225,,,-5.12890625,-5.125,8.015625,-0.00390625
147,calciatore,acciuga,That football player is a rail.,Quel calciatore è un'acciuga.,Quel calciatore è come un'acciuga.,,,4.21,2.28,Low,,,,,,,,,,,,,Jones and Estes (2006),7.875,-5.3125,-4.75,6.6875,sapienzanlp/Minerva-350M-base-v1.0,-5.0,-4.944444444,8.125,sapienzanlp/Minerva-3B-base-v1.0,-0.5625,-0.055555556,-5.125,-4.777777778,-0.347222222,,,-5.00390625,-4.774305555555555,7.86328125,-0.22960069444444464
148,alcol,stampella,Alcohol is a crutch.,L'alcol è una stampella.,L'alcol è come una stampella.,,,4.36,4.52,High,,,,,,,,,,,,,Jones and Estes (2006),6.8125,-4.15625,-3.666666667,6.9375,sapienzanlp/Minerva-350M-base-v1.0,-4.125,-3.472222222,7.90625,sapienzanlp/Minerva-3B-base-v1.0,-0.489583333,-0.652777778,-4.28125,-3.722222222,-0.559027778,,,-3.9609375,-3.4965277777777777,7.22265625,-0.4644097222222223
149,pizza,stampella,Pizza is a crutch.,La pizza è una stampella.,La pizza è come una stampella.,,,4.36,2.33,Low,,,,,,,,,,,,,Jones and Estes (2006),7.15625,-4.714285714,-3.796875,6.875,sapienzanlp/Minerva-350M-base-v1.0,-4.892857143,-4.125,7.59375,sapienzanlp/Minerva-3B-base-v1.0,-0.917410714,-0.767857143,-5.25,-4.3125,-0.9375,,,-4.941964285714286,-4.86328125,8.1875,-0.07868303571428559
150,ballerini,farfalle,Dancers can be butterflies.,I ballerini sono farfalle.,I ballerini sono come farfalle.,,,4.39,4.66,High,,,,,,,,,,,,,Jones and Estes (2006),6.5,-4.125,-4.0,6.75,sapienzanlp/Minerva-350M-base-v1.0,-4.21875,-3.611111111,7.46875,sapienzanlp/Minerva-3B-base-v1.0,-0.125,-0.607638889,-4.375,-3.944444444,-0.430555556,,,-4.571428571428571,-3.5625,7.23828125,-1.0089285714285712
151,calciatori,farfalle,Soccer players can be butterflies.,I calciatori sono farfalle.,I calciatori sono come farfalle.,,,4.39,2.64,Low,,,,,,,,,,,,,Jones and Estes (2006),6.9375,-4.535714286,-4.375,6.6875,sapienzanlp/Minerva-350M-base-v1.0,-4.642857143,-3.859375,7.625,sapienzanlp/Minerva-3B-base-v1.0,-0.160714286,-0.783482143,-4.678571429,-4.03125,-0.647321429,,,-5.416666666666667,-4.254464285714286,6.984375,-1.1622023809523814
152,disciplina,fertilizzante,Discipline is fertilizer.,La disciplina è un fertilizzante.,La disciplina è come un fertilizzante.,,,4.61,3.38,High,,,,,,,,,,,,,Jones and Estes (2006),7.6875,-5.428571429,-4.8125,6.9375,sapienzanlp/Minerva-350M-base-v1.0,-4.964285714,-4.65625,7.5,sapienzanlp/Minerva-3B-base-v1.0,-0.616071429,-0.308035714,-5.607142857,-5.0,-0.607142857,,,-5.294642857142857,-4.58984375,8.8359375,-0.7047991071428568
153,controllo,fertilizzante,Control is fertilizer.,Il controllo è un fertilizzante.,Il controllo è come un fertilizzante.,,,4.61,2.73,Low,,,,,,,,,,,,,Jones and Estes (2006),6.9375,-5.178571429,-4.1875,7.0625,sapienzanlp/Minerva-350M-base-v1.0,-4.857142857,-4.4375,6.28125,sapienzanlp/Minerva-3B-base-v1.0,-0.991071429,-0.419642857,-5.0,-4.53125,-0.46875,,,-4.959821428571429,-4.328125,7.90625,-0.6316964285714288
154,albero,ombrello,A tree is an umbrella.,Un albero è un ombrello.,Un albero è come un ombrello.,,,4.61,4.21,High,,,,,,,,,,,,,Jones and Estes (2006),6.53125,-4.303571429,-3.734375,6.625,sapienzanlp/Minerva-350M-base-v1.0,-4.75,-4.25,7.375,sapienzanlp/Minerva-3B-base-v1.0,-0.569196429,-0.5,-4.428571429,-3.953125,-0.475446429,,,-4.495535714285714,-3.66015625,6.8203125,-0.8353794642857144
155,rivista,ombrello,A magazine is an umbrella.,Una rivista è un ombrello.,Una rivista è come un ombrello.,,,4.61,2.15,Low,,,,,,,,,,,,,Jones and Estes (2006),7.3125,-4.964285714,-4.3125,6.625,sapienzanlp/Minerva-350M-base-v1.0,-4.785714286,-4.09375,7.3125,sapienzanlp/Minerva-3B-base-v1.0,-0.651785714,-0.691964286,-4.964285714,-4.15625,-0.808035714,,,-5.107142857142857,-4.05859375,7.4609375,-1.0485491071428568
156,amore,fiore,Love is a flower.,L'amore è un fiore.,L'amore è come un fiore.,,,4.64,5.34,High,,,,,,,,,,,,,Jones and Estes (2006),6.6875,-3.303571429,-2.703125,6.375,sapienzanlp/Minerva-350M-base-v1.0,-3.196428571,-2.828125,6.875,sapienzanlp/Minerva-3B-base-v1.0,-0.600446429,-0.368303571,-3.160714286,-2.84375,-0.316964286,,,-3.314732142857143,-2.876953125,7.6328125,-0.4377790178571428
157,odio,fiore,Hatred is a flower.,L'odio è un fiore.,L'odio è come un fiore.,,,4.64,1.85,Low,,,,,,,,,,,,,Jones and Estes (2006),7.25,-4.178571429,-3.484375,7.125,sapienzanlp/Minerva-350M-base-v1.0,-3.982142857,-3.671875,6.96875,sapienzanlp/Minerva-3B-base-v1.0,-0.694196429,-0.310267857,-3.946428571,-3.609375,-0.337053571,,,-4.537946428571429,-3.796875,7.72265625,-0.7410714285714288
158,voci,sirene,Some voices are sirens.,Alcune voci sono sirene.,Alcune voci sono come sirene.,,,4.64,5.0,High,,,,,,,,,,,,,Jones and Estes (2006),6.6875,-6.083333333,-5.428571429,6.625,sapienzanlp/Minerva-350M-base-v1.0,-5.708333333,-5.0,6.3125,sapienzanlp/Minerva-3B-base-v1.0,-0.654761905,-0.708333333,-6.166666667,-5.571428571,-0.595238095,,,-5.510416666666667,-4.71875,6.50390625,-0.791666666666667
159,russamenti,sirene,Some snores are sirens.,Alcuni russamenti sono sirene.,Alcuni russamenti sono come sirene.,,,4.64,3.76,Low,,,,,,,,,,,,,Jones and Estes (2006),6.34375,-5.84375,-5.25,6.5625,sapienzanlp/Minerva-350M-base-v1.0,-5.96875,-5.166666667,6.46875,sapienzanlp/Minerva-3B-base-v1.0,-0.59375,-0.802083333,-6.0625,-5.055555556,-1.006944444,,,-6.22265625,-5.746527777777778,7.25390625,-0.4761284722222223
160,receptionist,boccata d'aria fresca,That receptionist is a breath of fresh air.,Quella receptionist è una boccata d'aria fresca.,Quella receptionist è come una boccata d'aria fresca.,,,4.7,4.52,High,,,,,,,,,,,,,Jones and Estes (2006),6.625,-3.604166667,-3.326923077,6.6875,sapienzanlp/Minerva-350M-base-v1.0,-3.479166667,-3.346153846,7.09375,sapienzanlp/Minerva-3B-base-v1.0,-0.27724359,-0.133012821,-3.75,-3.634615385,-0.115384615,,,-3.7526041666666665,-3.713942307692308,7.56640625,-0.03866185897435859
161,contabile,boccata d'aria fresca,That accountant is a breath of fresh air.,Quel contabile è una boccata d'aria fresca.,Quel contabile è come una boccata d'aria fresca.,,,4.7,3.38,Low,,,,,,,,,,,,,Jones and Estes (2006),6.65625,-3.6875,-3.596153846,6.6875,sapienzanlp/Minerva-350M-base-v1.0,-3.625,-3.596153846,7.0,sapienzanlp/Minerva-3B-base-v1.0,-0.091346154,-0.028846154,-3.625,-3.538461538,-0.086538462,,,-4.46875,-4.4140625,7.28125,-0.0546875
162,migliore amico,ancora,A best friend is an anchor.,Un migliore amico è un'ancora.,Un migliore amico è come un'ancora.,,,4.79,6.07,High,,,,,,,,,,,,,Jones and Estes (2006),6.5,-4.166666667,-3.825,5.3125,sapienzanlp/Minerva-350M-base-v1.0,-3.722222222,-3.25,6.625,sapienzanlp/Minerva-3B-base-v1.0,-0.341666667,-0.472222222,-4.055555556,-3.65,-0.405555556,,,-5.203125,-4.482638888888889,6.71484375,-0.7204861111111107
163,avversario,ancora,An opponent is an anchor.,Un avversario è un'ancora.,Un avversario è come un'ancora.,,,4.79,2.94,Low,,,,,,,,,,,,,Jones and Estes (2006),6.90625,-4.4375,-4.138888889,6.09375,sapienzanlp/Minerva-350M-base-v1.0,-4.4375,-4.194444444,7.59375,sapienzanlp/Minerva-3B-base-v1.0,-0.298611111,-0.243055556,-4.4375,-4.083333333,-0.354166667,,,-5.866071428571429,-5.2421875,7.13671875,-0.6238839285714288
164,matrimonio,guinzaglio corto,His marriage was a short leash.,Il suo matrimonio era un guinzaglio corto.,Il suo matrimonio era come un guinzaglio corto.,,,4.79,4.0,High,,,,,,,,,,,,,Jones and Estes (2006),6.25,-5.075,-4.727272727,6.375,sapienzanlp/Minerva-350M-base-v1.0,-4.275,-3.977272727,7.375,sapienzanlp/Minerva-3B-base-v1.0,-0.347727273,-0.297727273,-4.35,-4.386363636,0.036363636,,,-4.125,-3.914772727272727,8.171875,-0.21022727272727293
165,ufficio,guinzaglio corto,His office was a short leash.,Il suo ufficio era un guinzaglio corto.,Il suo ufficio era come un guinzaglio corto.,,,4.79,2.52,Low,,,,,,,,,,,,,Jones and Estes (2006),6.125,-4.725,-4.590909091,6.625,sapienzanlp/Minerva-350M-base-v1.0,-4.375,-4.181818182,7.28125,sapienzanlp/Minerva-3B-base-v1.0,-0.134090909,-0.193181818,-4.7,-4.522727273,-0.177272727,,,-4.7875,-4.392045454545454,7.80859375,-0.3954545454545455
166,folla esultante,tuono,The cheering crowd was thunder.,La folla esultante era un tuono.,La folla esultante era come un tuono.,,,4.79,5.39,High,,,,,,,,,,,,,Jones and Estes (2006),6.59375,-4.375,-3.931818182,7.21875,sapienzanlp/Minerva-350M-base-v1.0,-4.1,-3.772727273,7.46875,sapienzanlp/Minerva-3B-base-v1.0,-0.443181818,-0.327272727,-4.55,-3.954545455,-0.595454545,,,-4.2875,-3.747159090909091,6.765625,-0.5403409090909088
167,giocatore di basket,tuono,The basketball player was thunder.,Il giocatore di basket era un tuono.,Il giocatore di basket era come un tuono.,,,4.79,2.76,Low,,,,,,,,,,,,,Jones and Estes (2006),6.4375,-4.972222222,-4.5,6.8125,sapienzanlp/Minerva-350M-base-v1.0,-4.583333333,-4.525,6.875,sapienzanlp/Minerva-3B-base-v1.0,-0.472222222,-0.058333333,-5.111111111,-4.45,-0.661111111,,,-4.600694444444445,-4.328125,7.515625,-0.27256944444444464
168,Grandi Pianure,tavoliere,The Great Plains are a board.,Le Grandi Pianure sono un tavoliere.,Le Grandi Pianure sono come un tavoliere.,,,4.82,2.76,High,,,,,,,,,,,,,Jones and Estes (2006),7.875,-5.444444444,-4.8,7.3125,sapienzanlp/Minerva-350M-base-v1.0,-4.444444444,-4.55,8.5,sapienzanlp/Minerva-3B-base-v1.0,-0.644444444,0.105555556,-5.055555556,-4.825,-0.230555556,,,-4.913194444444445,-4.425,9.484375,-0.4881944444444448
169,spiagge costiere,tavoliere,The coastal beaches are a board.,Le spiagge costiere sono un tavoliere.,Le spiagge costiere sono come un tavoliere.,,,4.82,1.9,Low,,,,,,,,,,,,,Jones and Estes (2006),7.5625,-5.472222222,-4.725,7.6875,sapienzanlp/Minerva-350M-base-v1.0,-5.055555556,-4.725,7.6875,sapienzanlp/Minerva-3B-base-v1.0,-0.747222222,-0.330555556,-5.333333333,-4.975,-0.358333333,,,-5.385416666666667,-4.946875,8.921875,-0.4385416666666666
170,laurea,porta d'accesso,A college degree is a doorway.,Una laurea è una porta d'accesso.,Una laurea è come una porta d'accesso.,,,4.94,6.07,High,,,,,,,,,,,,,Jones and Estes (2006),6.625,-4.055555556,-3.65,6.65625,sapienzanlp/Minerva-350M-base-v1.0,-4.305555556,-4.1,7.4375,sapienzanlp/Minerva-3B-base-v1.0,-0.405555556,-0.205555556,-3.833333333,-3.725,-0.108333333,,,-3.7291666666666665,-3.6125,7.25,-0.1166666666666667
171,completamento di un corso,porta d'accesso,A course completion is a doorway.,Il completamento di un corso è una porta d'accesso.,Il completamento di un corso è come una porta d'accesso.,,,4.94,4.24,Low,,,,,,,,,,,,,Jones and Estes (2006),6.8125,-3.729166667,-3.692307692,6.78125,sapienzanlp/Minerva-350M-base-v1.0,-3.5625,-3.615384615,7.34375,sapienzanlp/Minerva-3B-base-v1.0,-0.036858974,0.052884615,-3.770833333,-3.576923077,-0.193910256,,,-3.6875,-3.651442307692308,8.2265625,-0.03605769230769207
172,sorrisi,magneti,Some smiles are magnets.,Alcuni sorrisi sono magneti.,Alcuni sorrisi sono come magneti.,,,4.94,5.39,High,,,,,,,,,,,,,Jones and Estes (2006),6.90625,-5.321428571,-4.90625,6.4375,sapienzanlp/Minerva-350M-base-v1.0,-5.821428571,-4.84375,6.625,sapienzanlp/Minerva-3B-base-v1.0,-0.415178571,-0.977678571,-5.928571429,-5.0,-0.928571429,,,-5.441964285714286,-4.69921875,6.671875,-0.7427455357142856
173,lacrime,magneti,Some tears are magnets.,Alcune lacrime sono magneti.,Alcune lacrime sono come magneti.,,,4.94,3.0,Low,,,,,,,,,,,,,Jones and Estes (2006),6.59375,-7.125,-6.035714286,6.625,sapienzanlp/Minerva-350M-base-v1.0,-6.791666667,-5.5,6.6875,sapienzanlp/Minerva-3B-base-v1.0,-1.089285714,-1.291666667,-7.208333333,-5.857142857,-1.351190476,,,-7.0,-5.691964285714286,6.4921875,-1.3080357142857144
174,giovane cugino,gamberetto,My young cousin is a shrimp.,Il mio giovane cugino è un gamberetto.,Il mio giovane cugino è come un gamberetto.,,,5.03,4.85,High,,,,,,,,,,,,,Jones and Estes (2006),5.875,-3.977272727,-3.729166667,6.4375,sapienzanlp/Minerva-350M-base-v1.0,-3.977272727,-3.791666667,6.75,sapienzanlp/Minerva-3B-base-v1.0,-0.248106061,-0.185606061,-3.886363636,-3.979166667,0.09280303,,,-3.78125,-3.7161458333333335,7.03515625,-0.06510416666666652
175,padre,gamberetto,My father is a shrimp.,Mio padre è un gamberetto.,Mio padre è come un gamberetto.,,,5.03,3.52,Low,,,,,,,,,,,,,Jones and Estes (2006),6.5625,-3.984375,-3.611111111,6.3125,sapienzanlp/Minerva-350M-base-v1.0,-3.671875,-3.805555556,6.9375,sapienzanlp/Minerva-3B-base-v1.0,-0.373263889,0.133680556,-4.0,-4.083333333,0.083333333,,,-3.830078125,-4.395833333333333,7.91015625,0.565755208333333
176,maggiordomi,asini,Butlers can be donkeys.,I maggiordomi sono asini.,I maggiordomi sono come asini.,,,5.06,2.64,High,,,,,,,,,,,,,Jones and Estes (2006),6.84375,-4.5,-4.333333333,6.53125,sapienzanlp/Minerva-350M-base-v1.0,-4.40625,-4.222222222,7.375,sapienzanlp/Minerva-3B-base-v1.0,-0.166666667,-0.184027778,-4.125,-4.111111111,-0.013888889,,,-4.40234375,-4.388888888888889,6.94140625,-0.013454861111110716
177,nonni,asini,Grandparents can be donkeys.,I nonni sono asini.,I nonni sono come asini.,,,5.06,1.79,Low,,,,,,,,,,,,,Jones and Estes (2006),6.5625,-5.0,-4.303571429,5.84375,sapienzanlp/Minerva-350M-base-v1.0,-5.104166667,-4.482142857,7.5,sapienzanlp/Minerva-3B-base-v1.0,-0.696428571,-0.62202381,-4.8125,-4.428571429,-0.383928571,,,-5.510416666666667,-4.875,7.40234375,-0.635416666666667
178,modelle,ramoscelli,Some fashion models are twigs.,Alcune modelle sono ramoscelli.,Alcune modelle sono come ramoscelli.,,,5.06,6.15,High,,,,,,,,,,,,,Jones and Estes (2006),6.9375,-6.4375,-5.333333333,6.8125,sapienzanlp/Minerva-350M-base-v1.0,-5.34375,-4.805555556,7.0625,sapienzanlp/Minerva-3B-base-v1.0,-1.104166667,-0.538194444,-5.375,-5.055555556,-0.319444444,,,-5.2890625,-4.784722222222222,6.55859375,-0.5043402777777777
179,nuotatori,ramoscelli,Some swimmers are twigs.,Alcuni nuotatori sono ramoscelli.,Alcuni nuotatori sono come ramoscelli.,,,5.06,3.24,Low,,,,,,,,,,,,,Jones and Estes (2006),7.59375,-5.361111111,-5.0,7.15625,sapienzanlp/Minerva-350M-base-v1.0,-4.777777778,-4.225,7.75,sapienzanlp/Minerva-3B-base-v1.0,-0.361111111,-0.552777778,-5.138888889,-4.775,-0.363888889,,,-4.805555555555555,-4.459375,6.8359375,-0.3461805555555557
180,amore,viaggio,Love is a journey.,L'amore è un viaggio.,L'amore è come un viaggio.,,,5.09,6.48,High,,,,,,,,,,,,,Jones and Estes (2006),6.84375,-2.946428571,-2.90625,6.34375,sapienzanlp/Minerva-350M-base-v1.0,-3.142857143,-2.984375,7.125,sapienzanlp/Minerva-3B-base-v1.0,-0.040178571,-0.158482143,-2.910714286,-2.8125,-0.098214286,,,-3.2879464285714284,-3.298828125,7.1328125,0.010881696428571619
181,sogno,viaggio,A dream is a journey.,Un sogno è un viaggio.,Un sogno è come un viaggio.,,,5.09,5.69,Low,,,,,,,,,,,,,Jones and Estes (2006),7.1875,-4.229166667,-3.910714286,6.0,sapienzanlp/Minerva-350M-base-v1.0,-4.083333333,-3.625,7.5,sapienzanlp/Minerva-3B-base-v1.0,-0.318452381,-0.458333333,-4.208333333,-4.375,0.166666667,,,-4.473958333333333,-3.6986607142857135,7.3125,-0.7752976190476195
182,donna incinta,anatra,That pregnant woman is a duck.,Quella donna incinta è un'anatra.,Quella donna incinta è come un'anatra.,,,5.21,2.82,High,,,,,,,,,,,,,Jones and Estes (2006),6.71875,-4.361111111,-4.25,6.3125,sapienzanlp/Minerva-350M-base-v1.0,-4.222222222,-4.25,7.15625,sapienzanlp/Minerva-3B-base-v1.0,-0.111111111,0.027777778,-4.194444444,-4.125,-0.069444444,,,-4.5,-4.5125,8.0390625,0.012500000000000178
183,professore,anatra,That professor is a duck.,Quel professore è un'anatra.,Quel professore è come un'anatra.,,,5.21,2.0,Low,,,,,,,,,,,,,Jones and Estes (2006),6.5625,-4.5625,-4.361111111,6.8125,sapienzanlp/Minerva-350M-base-v1.0,-4.90625,-4.611111111,7.21875,sapienzanlp/Minerva-3B-base-v1.0,-0.201388889,-0.295138889,-4.625,-4.444444444,-0.180555556,,,-4.6953125,-4.517361111111111,7.80859375,-0.17795138888888928
184,cani,principesse,Some dogs are princesses.,Alcuni cani sono principesse.,Alcuni cani sono come principesse.,,,5.27,4.33,High,,,,,,,,,,,,,Jones and Estes (2006),7.09375,-5.791666667,-5.285714286,6.5625,sapienzanlp/Minerva-350M-base-v1.0,-5.916666667,-5.035714286,7.6875,sapienzanlp/Minerva-3B-base-v1.0,-0.505952381,-0.880952381,-5.666666667,-5.071428571,-0.595238095,,,-5.572916666666667,-5.035714285714286,6.60546875,-0.5372023809523814
185,criceti,principesse,Some hamsters are princesses.,Alcuni criceti sono principesse.,Alcuni criceti sono come principesse.,,,5.27,1.97,Low,,,,,,,,,,,,,Jones and Estes (2006),6.5,-4.78125,-4.527777778,6.625,sapienzanlp/Minerva-350M-base-v1.0,-4.9375,-4.583333333,6.78125,sapienzanlp/Minerva-3B-base-v1.0,-0.253472222,-0.354166667,-5.0,-4.722222222,-0.277777778,,,-4.9375,-4.729166666666667,6.5390625,-0.20833333333333304
186,pelo del gatto,seta,My cat's fur is silk.,Il pelo del mio gatto è seta.,Il pelo del mio gatto è come seta.,,,5.3,4.88,High,,,,,,,,,,,,,Jones and Estes (2006),6.25,-4.083333333,-4.15,6.96875,sapienzanlp/Minerva-350M-base-v1.0,-4.333333333,-3.45,7.25,sapienzanlp/Minerva-3B-base-v1.0,0.066666667,-0.883333333,-4.444444444,-4.025,-0.419444444,,,-4.54296875,-3.670138888888889,8.4765625,-0.8728298611111112
187,pelo del topo,seta,My rat's fur is silk.,Il pelo del mio topo è seta.,Il pelo del mio topo è come seta.,,,5.3,2.76,Low,,,,,,,,,,,,,Jones and Estes (2006),6.0,-4.025,-4.045454545,7.0625,sapienzanlp/Minerva-350M-base-v1.0,-4.45,-3.795454545,7.46875,sapienzanlp/Minerva-3B-base-v1.0,0.020454545,-0.654545455,-4.55,-4.159090909,-0.390909091,,,-4.857638888888889,-4.196875,7.7109375,-0.6607638888888889
188,libri,scrigni del tesoro,Books are treasure chests.,I libri sono scrigni del tesoro.,I libri sono come scrigni del tesoro.,,,5.3,5.66,High,,,,,,,,,,,,,Jones and Estes (2006),7.15625,-3.722222222,-3.55,6.03125,sapienzanlp/Minerva-350M-base-v1.0,-3.555555556,-2.8875,6.9375,sapienzanlp/Minerva-3B-base-v1.0,-0.172222222,-0.668055556,-4.083333333,-3.95,-0.133333333,,,-3.55078125,-3.388888888888889,6.46484375,-0.16189236111111116
189,tabloid,scrigni del tesoro,Tabloids are treasure chests.,I tabloid sono scrigni del tesoro.,I tabloid sono come scrigni del tesoro.,,,5.3,2.67,Low,,,,,,,,,,,,,Jones and Estes (2006),7.375,-4.022727273,-3.520833333,6.625,sapienzanlp/Minerva-350M-base-v1.0,-3.977272727,-3.4375,7.6875,sapienzanlp/Minerva-3B-base-v1.0,-0.501893939,-0.539772727,-4.340909091,-3.791666667,-0.549242424,,,-4.357638888888889,-4.0875,6.984375,-0.27013888888888893
190,corridori,ghepardi,Some runners are cheetahs.,Alcuni corridori sono ghepardi.,Alcuni corridori sono come ghepardi.,,,5.45,5.64,High,,,,,,,,,,,,,Jones and Estes (2006),7.0625,-4.222222222,-4.0,7.125,sapienzanlp/Minerva-350M-base-v1.0,-4.5,-4.0,7.1875,sapienzanlp/Minerva-3B-base-v1.0,-0.222222222,-0.5,-4.722222222,-4.25,-0.472222222,,,-4.090277777777778,-3.828125,6.640625,-0.2621527777777777
191,pattinatori,ghepardi,Some skaters are cheetahs.,Alcuni pattinatori sono ghepardi.,Alcuni pattinatori sono come ghepardi.,,,5.45,2.62,Low,,,,,,,,,,,,,Jones and Estes (2006),7.34375,-4.35,-4.181818182,7.3125,sapienzanlp/Minerva-350M-base-v1.0,-4.375,-4.022727273,6.9375,sapienzanlp/Minerva-3B-base-v1.0,-0.168181818,-0.352272727,-4.425,-4.136363636,-0.288636364,,,-4.003125,-3.8806818181818175,6.57421875,-0.12244318181818237
192,lavori,prigioni,Many jobs are jails.,Molti lavori sono prigioni.,Molti lavori sono come prigioni.,,,5.48,4.88,High,,,,,,,,,,,,,Jones and Estes (2006),7.25,-7.25,-6.625,6.53125,sapienzanlp/Minerva-350M-base-v1.0,-7.1,-5.5,7.625,sapienzanlp/Minerva-3B-base-v1.0,-0.625,-1.6,-7.75,-6.458333333,-1.291666667,,,-7.00625,-5.822916666666667,7.078125,-1.1833333333333327
193,squadre,prigioni,Many teams are jails.,Molte squadre sono prigioni.,Molte squadre sono come prigioni.,,,5.48,1.93,Low,,,,,,,,,,,,,Jones and Estes (2006),6.9375,-6.9,-6.541666667,6.6875,sapienzanlp/Minerva-350M-base-v1.0,-8.2,-6.291666667,8.1875,sapienzanlp/Minerva-3B-base-v1.0,-0.358333333,-1.908333333,-8.05,-6.958333333,-1.091666667,,,-8.4,-6.348958333333333,6.46875,-2.0510416666666673
194,tempo,denaro,Time is money.,Il tempo è denaro.,Il tempo è come denaro.,,,5.52,5.88,High,,,,,,,,,,,,,Jones and Estes (2006),7.34375,-3.325,-5.0625,5.625,sapienzanlp/Minerva-350M-base-v1.0,-3.25,-4.166666667,7.3125,sapienzanlp/Minerva-3B-base-v1.0,1.7375,0.916666667,-3.725,-4.604166667,0.879166667,,,-3.1984375,-4.393229166666667,6.6015625,1.1947916666666671
195,conoscenza,denaro,Knowledge is money.,La conoscenza è denaro.,La conoscenza è come denaro.,,,5.52,5.0,Low,,,,,,,,,,,,,Jones and Estes (2006),7.3125,-5.5,-5.5,5.875,sapienzanlp/Minerva-350M-base-v1.0,-5.175,-5.166666667,7.25,sapienzanlp/Minerva-3B-base-v1.0,0.0,-0.008333333,-5.25,-5.416666667,0.166666667,,,-4.86875,-4.9609375,7.10546875,0.09218749999999964
196,pianeta Terra,palla,The planet Earth is a ball.,Il pianeta Terra è una palla.,Il pianeta Terra è come una palla.,,,5.55,4.61,High,,,,,,,,,,,,,Jones and Estes (2006),7.375,-4.142857143,-3.84375,6.84375,sapienzanlp/Minerva-350M-base-v1.0,-3.678571429,-3.859375,6.90625,sapienzanlp/Minerva-3B-base-v1.0,-0.299107143,0.180803571,-4.142857143,-4.0625,-0.080357143,,,-3.716517857142857,-3.62109375,7.51171875,-0.0954241071428572
197,stella,palla,The nearest star is a ball.,La stella più vicina è una palla.,La stella più vicina è come una palla.,,,5.55,2.45,Low,,,,,,,,,,,,,Jones and Estes (2006),6.65625,-4.40625,-4.388888889,6.375,sapienzanlp/Minerva-350M-base-v1.0,-4.78125,-4.472222222,7.375,sapienzanlp/Minerva-3B-base-v1.0,-0.017361111,-0.309027778,-4.375,-4.361111111,-0.013888889,,,-4.81640625,-4.65625,7.203125,-0.16015625
198,uccelli,aerei,Birds are airplanes.,Gli uccelli sono aerei.,Gli uccelli sono come aerei.,,,5.61,3.7,High,,,,,,,,,,,,,Jones and Estes (2006),6.5,-5.85,-5.416666667,6.1875,sapienzanlp/Minerva-350M-base-v1.0,-6.05,-5.375,6.5,sapienzanlp/Minerva-3B-base-v1.0,-0.433333333,-0.675,-6.2,-5.875,-0.325,,,-5.621875,-5.458333333333333,7.62109375,-0.16354166666666714
199,pipistrelli,aerei,Bats are airplanes.,I pipistrelli sono aerei.,I pipistrelli sono come aerei.,,,5.61,2.14,Low,,,,,,,,,,,,,Jones and Estes (2006),6.8125,-4.571428571,-4.46875,7.0,sapienzanlp/Minerva-350M-base-v1.0,-4.553571429,-4.5,6.46875,sapienzanlp/Minerva-3B-base-v1.0,-0.102678571,-0.053571429,-4.678571429,-4.875,0.196428571,,,-3.993303571428572,-4.22265625,7.17578125,0.22935267857142794
200,idee,diamanti,Ideas can be diamonds.,Le idee sono diamanti.,Le idee sono come diamanti.,,,5.73,5.62,High,,,,,,,,,,,,,Jones and Estes (2006),6.75,-4.75,-4.017857143,5.9375,sapienzanlp/Minerva-350M-base-v1.0,-4.583333333,-4.321428571,6.625,sapienzanlp/Minerva-3B-base-v1.0,-0.732142857,-0.261904762,-4.8125,-4.053571429,-0.758928571,,,-5.528125,-4.401041666666667,6.671875,-1.1270833333333332
201,recensioni,diamanti,Reviews can be diamonds.,Le recensioni sono diamanti.,Le recensioni sono come diamanti.,,,5.73,3.91,Low,,,,,,,,,,,,,Jones and Estes (2006),6.59375,-4.958333333,-4.607142857,6.0,sapienzanlp/Minerva-350M-base-v1.0,-4.916666667,-3.910714286,6.90625,sapienzanlp/Minerva-3B-base-v1.0,-0.351190476,-1.005952381,-5.041666667,-4.571428571,-0.470238095,,,-5.9125,-4.817708333333333,6.5,-1.0947916666666666
202,rabbia,vulcano,Anger is a volcano.,La rabbia è un vulcano.,La rabbia è come un vulcano.,,,5.73,5.62,High,,,,,,,,,,,,,Jones and Estes (2006),6.90625,-4.285714286,-3.796875,6.875,sapienzanlp/Minerva-350M-base-v1.0,-4.321428571,-3.421875,7.75,sapienzanlp/Minerva-3B-base-v1.0,-0.488839286,-0.899553571,-3.589285714,-3.328125,-0.261160714,,,-4.427083333333333,-3.8861607142857135,7.51953125,-0.5409226190476195
203,tristezza,vulcano,Sadness is a volcano.,La tristezza è un vulcano.,La tristezza è come un vulcano.,,,5.73,3.76,Low,,,,,,,,,,,,,Jones and Estes (2006),7.03125,-4.34375,-3.722222222,6.625,sapienzanlp/Minerva-350M-base-v1.0,-4.0625,-3.236111111,7.5625,sapienzanlp/Minerva-3B-base-v1.0,-0.621527778,-0.826388889,-3.46875,-3.138888889,-0.329861111,,,-5.283854166666667,-4.598214285714286,7.38671875,-0.6856398809523814
204,senatore,fossile,The senator is a fossil.,Il senatore è un fossile.,Il senatore è come un fossile.,,,5.76,4.52,High,,,,,,,,,,,,,Jones and Estes (2006),7.46875,-5.0,-4.65625,6.625,sapienzanlp/Minerva-350M-base-v1.0,-4.928571429,-4.65625,7.34375,sapienzanlp/Minerva-3B-base-v1.0,-0.34375,-0.272321429,-4.857142857,-4.8125,-0.044642857,,,-4.977678571428571,-4.85546875,9.1953125,-0.12220982142857117
205,campione di atletica,fossile,The track star is a fossil.,Il campione di atletica è un fossile.,Il campione di atletica è come un fossile.,,,5.76,2.24,Low,,,,,,,,,,,,,Jones and Estes (2006),7.375,-4.125,-3.840909091,6.6875,sapienzanlp/Minerva-350M-base-v1.0,-4.25,-3.954545455,7.5625,sapienzanlp/Minerva-3B-base-v1.0,-0.284090909,-0.295454545,-3.975,-3.954545455,-0.020454545,,,-4.11875,-3.8181818181818175,9.4453125,-0.3005681818181829
206,braccia del ragazzo,acciaio,My boyfriend's arms are steel.,Le braccia del mio ragazzo sono acciaio.,Le braccia del mio ragazzo sono come acciaio.,,,5.76,5.36,High,,,,,,,,,,,,,Jones and Estes (2006),5.75,-5.34375,-4.833333333,6.6875,sapienzanlp/Minerva-350M-base-v1.0,-5.0625,-4.305555556,6.59375,sapienzanlp/Minerva-3B-base-v1.0,-0.510416667,-0.756944444,-5.46875,-4.75,-0.71875,,,-5.78125,-4.996527777777778,7.609375,-0.7847222222222223
207,gambe del nonno,acciaio,My grandfather's legs are steel.,Le gambe di mio nonno sono acciaio.,Le gambe di mio nonno sono come acciaio.,,,5.76,3.45,Low,,,,,,,,,,,,,Jones and Estes (2006),6.59375,-5.3125,-4.805555556,6.8125,sapienzanlp/Minerva-350M-base-v1.0,-5.28125,-4.666666667,7.0,sapienzanlp/Minerva-3B-base-v1.0,-0.506944444,-0.614583333,-5.21875,-4.75,-0.46875,,,-4.98046875,-4.496527777777778,7.54296875,-0.4839409722222223
208,camera da letto,discarica,That bedroom is a dump.,Quella camera da letto è una discarica.,Quella camera come da letto è una discarica.,,,5.82,5.52,High,,,,,,,,,,,,,Jones and Estes (2006),6.71875,-4.027777778,-5.6,6.0625,sapienzanlp/Minerva-350M-base-v1.0,-3.694444444,-5.45,6.8125,sapienzanlp/Minerva-3B-base-v1.0,1.572222222,1.755555556,-4.388888889,-6.075,1.686111111,,,-4.4765625,-6.420138888888889,7.640625,1.9435763888888893
209,sala conferenze,discarica,That conference room is a dump.,Quella sala conferenze è una discarica.,Quella sala conferenze è come una discarica.,,,5.82,4.79,Low,,,,,,,,,,,,,Jones and Estes (2006),7.6875,-4.8125,-4.5,6.46875,sapienzanlp/Minerva-350M-base-v1.0,-4.5625,-4.416666667,7.15625,sapienzanlp/Minerva-3B-base-v1.0,-0.3125,-0.145833333,-5.21875,-4.805555556,-0.413194444,,,-5.272321428571429,-5.140625,7.7578125,-0.13169642857142883
210,memoria,magazzino,Memory is a warehouse.,La memoria è un magazzino.,La memoria è come un magazzino.,,,5.85,5.52,High,,,,,,,,,,,,,Jones and Estes (2006),7.34375,-4.791666667,-4.303571429,6.5,sapienzanlp/Minerva-350M-base-v1.0,-4.041666667,-3.696428571,7.8125,sapienzanlp/Minerva-3B-base-v1.0,-0.488095238,-0.345238095,-4.166666667,-4.035714286,-0.130952381,,,-3.8020833333333335,-3.3035714285714284,6.71484375,-0.4985119047619051
211,intelligenza,magazzino,Intelligence is a warehouse.,L'intelligenza è un magazzino.,L'intelligenza è come un magazzino.,,,5.85,3.38,Low,,,,,,,,,,,,,Jones and Estes (2006),7.34375,-4.321428571,-3.890625,6.625,sapienzanlp/Minerva-350M-base-v1.0,-4.303571429,-3.9375,7.4375,sapienzanlp/Minerva-3B-base-v1.0,-0.430803571,-0.366071429,-4.178571429,-4.03125,-0.147321429,,,-4.395089285714286,-3.962890625,7.5390625,-0.4321986607142856
