ID,Met_topic,Met_vehicle,Eng_item,Metaphor,Simile,Lit_topic/vehicle,LengthTopic,Eng_conventionality,Eng_aptness,Eng_aptness_label,LengthVehicle,FrequencyTopic,FrequencyVehicle,ConcretenessTopic,ConcretenessVehicle,Familiarity,Difficulty,Imageability,Metaphoricity,SemanticDistance,N°interpretations,Strength,resources
1,aeroplano,piuma,,L'aeroplano è una piuma.,L'aeroplano è come una piuma.,oca,9,,,,5,10,32,4.408,4.338,2.765,3.529,3.529,5.4,0.691,1.619,4.636,Bambini et al. (2024)
2,amicizia,cuscino,,L'amicizia è un cuscino.,L'amicizia è come un cuscino.,letto,8,,,,7,212,57,3.121,5.036,2.2,4.6,3.067,5.867,0.877,1.714,4.727,Bambini et al. (2024)
3,anima,pianoforte,,L'anima è un pianoforte.,L'anima è come un pianoforte.,tasto,5,,,,10,341,70,2.726,4.591,2.667,4.6,2.733,4.667,0.791,1.556,4.867,Bambini et al. (2024)
4,apparenza,trappola,,L'apparenza è una trappola.,L'apparenza è come una trappola.,topo,9,,,,8,82,56,2.415,3.91,4,3.067,3.333,5.8,0.727,1.619,4.727,Bambini et al. (2024)
5,aula,teatro,,L'aula è un teatro.,L'aula è come un teatro.,spettacolo,4,,,,6,225,496,4.339,3.558,2.867,2.867,3.933,2.667,0.732,2,4.385,Bambini et al. (2024)
6,autismo,cactus,,L'autismo è un cactus.,L'autismo è come un cactus.,deserto,7,,,,6,1,10,3.232,4.319,2,4.6,2.533,6.333,0.895,1.333,4.143,Bambini et al. (2024)
7,barba,lana,,La barba è una lana.,La barba è come una lana.,cotone,5,,,,4,70,50,4.304,4.597,2.412,3.118,3.941,4.867,0.665,1.5,4.933,Bambini et al. (2024)
8,biblioteca,tesoro,,La biblioteca è un tesoro.,La biblioteca è come un tesoro.,corona,10,,,,6,102,191,4.24,3.697,3.333,2.933,3.6,4.667,0.738,2.095,5.545,Bambini et al. (2024)
9,burocrazia,labirinto,,La burocrazia è un labirinto.,La burocrazia è come un labirinto.,siepe,10,,,,9,39,27,2.49,3.671,5,2.333,4.4,5.867,0.726,1.7,5.091,Bambini et al. (2024)
10,caffè,benzina,,Il caffè è una benzina.,Il caffè è come una benzina.,rifornimento,5,,,,7,164,108,4.487,4.458,2.412,3,3.941,5.2,0.61,1.333,6.062,Bambini et al. (2024)
11,censura,manetta,,La censura è una manetta.,La censura è come una manetta.,polso,7,,,,7,52,59,3.032,4.135,4,2.533,3.933,4.933,0.882,1.619,4.917,Bambini et al. (2024)
12,cervello,noce,,Il cervello è una noce.,Il cervello è come una noce.,mandorla,8,,,,4,178,54,3.69,4.414,3.294,2.765,4.529,5.067,0.817,2,5.389,Bambini et al. (2024)
13,cinismo,armatura,,Il cinismo è un'armatura.,Il cinismo è come un'armatura.,elmo,7,,,,8,27,14,2.326,4.141,3.333,3.667,3.467,6.2,0.851,1.5,5.133,Bambini et al. (2024)
14,contratto,guinzaglio,,Il contratto è un guinzaglio.,Il contratto è come un guinzaglio.,cane,9,,,,10,338,11,3.242,4.118,2.412,3.824,3.706,6.133,0.799,1.25,5.312,Bambini et al. (2024)
15,cooperazione,orchestra,,La cooperazione è un'orchestra.,La cooperazione è come un'orchestra.,concerto,12,,,,9,51,168,2.131,4.036,4.733,2.267,5.733,4.067,0.786,1.65,4.818,Bambini et al. (2024)
16,corruzione,ragnatela,,La corruzione è una ragnatela.,La corruzione è come una ragnatela.,polvere,10,,,,9,138,17,2.317,4.186,2.598,3.278,3.921,5.867,0.691,1.6,5.286,Bambini et al. (2024)
17,coscienza,specchio,,La coscienza è uno specchio.,La coscienza è come uno specchio.,riflesso,9,,,,8,238,138,2.198,4.007,4.2,3.467,3.733,6,0.713,1.9,5.385,Bambini et al. (2024)
18,cravatta,cappio,,La cravatta è un cappio.,La cravatta è come un cappio.,corda,8,,,,6,48,6,4.485,4.578,3.933,2.133,4.933,3.933,0.524,1.8,5.056,Bambini et al. (2024)
19,curiosità,lente,,La curiosità è una lente.,La curiosità è come una lente.,occhiali,9,,,,5,175,31,2.857,3.501,4.267,3.267,4.067,6.133,0.809,1.7,4.917,Bambini et al. (2024)
20,debito,catena,,Il debito è una catena.,Il debito è come una catena.,anello,6,,,,6,182,134,3.085,3.856,2.533,3.533,2.867,5.733,0.897,1.5,4.824,Bambini et al. (2024)
21,delusione,crepa,,La delusione è una crepa.,La delusione è come una crepa.,parete,9,,,,5,113,11,2.642,4.488,3.133,3.933,3.333,5.533,0.66,1.619,5.333,Bambini et al. (2024)
22,entusiasmo,vulcano,,L'entusiasmo è un vulcano.,L'entusiasmo è come un vulcano.,lava,10,,,,7,175,30,2.536,4.191,4.533,2.4,4.6,5.333,0.756,1.6,6.312,Bambini et al. (2024)
23,famiglia,nido,,La famiglia è un nido.,La famiglia è come un nido.,uccello,8,,,,4,1430,59,3.772,4.554,6,1.733,5.333,5.2,0.71,2,6.333,Bambini et al. (2024)
24,fede,fiamma,,La fede è una fiamma.,La fede è come una fiamma.,candela,4,,,,6,231,151,2.356,4.013,4.892,2.067,4.889,5.467,0.621,1.7,5.118,Bambini et al. (2024)
25,fedeltà,nodo,,La fedeltà è un nodo.,La fedeltà è come un nodo.,spago,7,,,,4,61,95,2.389,3.882,3.837,3.667,4.8,5.467,0.867,1.95,4.636,Bambini et al. (2024)
26,film,mattone,,Il film è un mattone.,Il film è come un mattone.,casa,4,,,,7,1226,64,3.608,4.38,3,3.412,3.059,5.667,0.772,1.2,5.357,Bambini et al. (2024)
27,idea,scintilla,,L'idea è una scintilla.,L'idea è come una scintilla.,fiammifero,4,,,,9,1058,28,2.486,3.428,5.133,2.133,4.667,5.267,0.688,1.85,5.545,Bambini et al. (2024)
28,ignoranza,prigione,,L'ignoranza è una prigione.,L'ignoranza è come una prigione.,riformatorio,9,,,,8,39,82,1.894,3.89,3.4,3,3.667,5.2,0.789,1.667,5.118,Bambini et al. (2024)
29,insistenza,trapano,,L'insistenza è un trapano.,L'insistenza è come un trapano.,buco,10,,,,7,34,9,2.815,4.598,5.533,1.867,5.467,5.467,0.83,1.905,5.417,Bambini et al. (2024)
30,intelligenza,scala,,L'intelligenza è una scala.,L'intelligenza è come una scala.,gradino,12,,,,5,107,217,2.361,3.721,4.6,3.4,2.933,5.533,0.71,1.5,3.933,Bambini et al. (2024)
31,interrogatorio,tritacarne,,L'interrogatorio è un tritacarne.,L'interrogatorio è come un tritacarne.,polpetta,14,,,,10,127,1,3.635,,2,4.6,3.133,6.667,0.804,1.19,4.364,Bambini et al. (2024)
32,intuizione,chiave,,L'intuizione è una chiave.,L'intuizione è come una chiave.,lucchetto,10,,,,6,50,250,2.032,2.946,2.8,3.867,3.667,5.333,0.641,1.5,5.133,Bambini et al. (2024)
33,istituzione,ingranaggio,,L'istituzione è un ingranaggio.,L'istituzione è come un ingranaggio.,macchina,11,,,,11,225,11,2.616,4.172,3.067,3.867,3.267,5.467,0.753,1.7,5,Bambini et al. (2024)
34,labbro,gommone,,Il labbro è un gommone.,Il labbro è come un gommone.,salvagente,6,,,,7,158,7,4.272,4.678,3.706,3.294,4.176,5.533,0.782,1.375,5.833,Bambini et al. (2024)
35,lacrima,fontana,,La lacrima è una fontana.,La lacrima è come una fontana.,giardino,7,,,,7,176,40,4.222,4.531,4.588,2.059,5.235,5.067,0.685,1.85,6.385,Bambini et al. (2024)
36,libro,finestra,,Il libro è una finestra.,Il libro è come una finestra.,tapparella,5,,,,8,1004,287,3.838,4.962,3,3,3.733,4.867,0.841,2,5.417,Bambini et al. (2024)
37,linguaggio,ponte,,Il linguaggio è un ponte.,Il linguaggio è come un ponte.,fiume,11,,,,5,166,166,2.484,4.404,2.8,3.267,3.467,5.267,0.694,1.6,5.562,Bambini et al. (2024)
38,lusinga,miele,,La lusinga è un miele.,La lusinga è come il miele.,sciroppo,7,,,,5,7,63,,4.747,3.733,3.467,3.067,6,0.811,1.6,5.25,Bambini et al. (2024)
39,memoria,quaderno,,La memoria è un quaderno.,La memoria è come un quaderno.,penna,7,,,,8,313,18,3.374,4.457,4.533,2.667,4.667,3.867,0.683,2.05,5,Bambini et al. (2024)
40,menzogna,maschera,,La menzogna è una maschera.,La menzogna è come una maschera.,carnevale,8,,,,8,32,93,2.546,4.211,5,2.867,4.533,5.8,0.627,1.7,6.111,Bambini et al. (2024)
41,mondo,serra,,Il mondo è una serra.,Il mondo è come una serra.,pianta,5,,,,5,2193,38,3.155,3.709,3.4,2.667,3.8,4.533,0.844,1.5,4.5,Bambini et al. (2024)
42,motivazione,molla,,La motivazione è una molla.,La motivazione è come una molla.,materasso,11,,,,5,98,31,2.51,4.324,3.667,3.2,3.667,5.667,0.675,1.476,4.727,Bambini et al. (2024)
43,nebbia,velo,,La nebbia è un velo.,La nebbia è come un velo.,abito,6,,,,4,98,102,3.959,4.318,5.133,1.933,5.333,3.8,0.658,1.81,5.583,Bambini et al. (2024)
44,nuvola,perla,,La nuvola è una perla.,La nuvola è come una perla.,collana,6,,,,5,79,30,4.497,4.006,2.067,3.933,2.6,5.8,0.7,1.5,4.812,Bambini et al. (2024)
45,orecchino,lampadario,,L'orecchino è un lampadario.,L'orecchino è come un lampadario.,soffitto,9,,,,10,24,7,4.702,5.097,2.647,3.235,4,4.333,0.63,1.8,5.059,Bambini et al. (2024)
46,orgoglio,scudo,,L'orgoglio è uno scudo.,L'orgoglio è come uno scudo.,stemma,8,,,,5,110,37,2.596,4.563,3.2,4.4,3.867,6.067,0.697,1.333,5.529,Bambini et al. (2024)
47,ossessione,chiodo,,L'ossessione è un chiodo.,L'ossessione è come un chiodo.,martello,10,,,,6,45,44,2.582,4.407,5.6,2.067,5,6.2,0.738,1.5,5.818,Bambini et al. (2024)
48,ottimismo,batteria,,L'ottimismo è una batteria.,L'ottimismo è come una batteria.,telefono,9,,,,8,69,61,2.048,4.106,1.667,4.2,1.667,5.933,0.947,1.5,4.714,Bambini et al. (2024)
49,pane,spugna,,Il pane è una spugna.,Il pane è come una spugna.,straccio,4,,,,6,187,38,4.666,4.279,2.6,2.733,3.267,4.8,0.801,1.5,4.385,Bambini et al. (2024)
50,patatina,cartone,,La patatina è un cartone.,La patatina è come un cartone.,pacco,8,,,,7,7,64,4.928,4.273,3.412,2.941,4.529,3.533,0.734,1.4,4.25,Bambini et al. (2024)
51,paura,tenaglia,,La paura è una tenaglia.,La paura è come una tenaglia.,bullone,5,,,,8,698,6,2.739,3.872,4.467,3.2,4.533,5.8,0.738,1.2,5.529,Bambini et al. (2024)
52,pelle,ceramica,,La pelle è una ceramica.,La pelle è come una ceramica.,bambola,5,,,,8,425,50,4.701,4.1,4.333,2.6,4.867,5.2,0.671,1.6,4.909,Bambini et al. (2024)
53,pianto,cascata,,Il pianto è una cascata.,Il pianto è come una cascata.,roccia,6,,,,7,35,25,3.973,4.07,4.118,2.412,4.882,5.333,0.763,1.9,5.909,Bambini et al. (2024)
54,piede,barca,,Il piede è una barca.,Il piede è come una barca.,vela,5,,,,5,704,171,4.116,4.61,2.882,3.235,4.059,4.267,0.774,1.1,4.083,Bambini et al. (2024)
55,pigiama,stufa,,Il pigiama è una stufa.,Il pigiama è come una stufa.,caldaia,7,,,,5,16,20,4.609,4.537,4.467,2.4,5.467,3.467,0.77,1.75,5,Bambini et al. (2024)
56,poesia,violino,,La poesia è un violino.,La poesia è come un violino.,sonata,6,,,,7,153,35,2.934,4.505,3.6,3.267,3.933,4.467,0.763,1.4,4.375,Bambini et al. (2024)
57,politica,giostra,,La politica è una giostra.,La politica è come una giostra.,scivolo,8,,,,7,765,21,2.57,4.212,2.667,4.6,2.933,5.733,0.677,1.6,3.917,Bambini et al. (2024)
58,pregiudizio,benda,,Il pregiudizio è una benda.,Il pregiudizio è come una benda.,occhi,11,,,,5,64,8,2.085,4.47,4.067,2.889,4.241,5.333,0.798,1.4,5.667,Bambini et al. (2024)
59,rancore,miccia,,Il rancore è una miccia.,Il rancore è come una miccia.,dinamite,7,,,,6,44,4,2.983,4.534,3.467,3.333,3.933,6.267,0.82,1.8,4.882,Bambini et al. (2024)
60,regola,gabbia,,La regola è una gabbia.,La regola è come una gabbia.,sbarre,6,,,,6,513,54,2.97,4.597,2.541,3,2.867,5.133,0.749,1.714,4.636,Bambini et al. (2024)
61,rimorso,spina,,Il rimorso è una spina.,Il rimorso è come una spina.,rosa,7,,,,5,34,41,2.911,4.2,3.2,3.267,5.133,5.667,0.825,1.35,4.545,Bambini et al. (2024)
62,sarcasmo,pugnale,,Il sarcasmo è un pugnale.,Il sarcasmo è come un pugnale.,spada,8,,,,7,17,12,2.817,4.447,2.733,3.6,3.267,5.867,0.672,1.5,4.938,Bambini et al. (2024)
63,sentiero,nastro,,Il sentiero è un nastro.,Il sentiero è come un nastro.,regalo,8,,,,6,67,84,4.33,4.574,2.412,3.412,3.706,4.933,0.728,1.571,4.5,Bambini et al. (2024)
64,silenzio,muro,,Il silenzio è un muro.,Il silenzio è come un muro.,cemento,8,,,,4,381,343,3.254,4.749,4.867,3.067,4.467,5.867,0.647,1.9,5.818,Bambini et al. (2024)
65,società,mosaico,,La società è un mosaico.,La società è come un mosaico.,arte,7,,,,7,1078,38,3.178,3.97,3.467,4.067,3.333,5.8,0.868,1.6,5.062,Bambini et al. (2024)
66,solitudine,guscio,,La solitudine è un guscio.,La solitudine è come un guscio.,uovo,10,,,,6,176,17,2.86,4.638,4.267,3.2,4.533,6.333,0.747,1.1,5.111,Bambini et al. (2024)
67,sorriso,sole,,Il sorriso è un sole.,Il sorriso è come un sole.,raggi,7,,,,4,309,485,3.849,3.999,4.067,2.667,3.533,4.733,0.615,2.048,5.769,Bambini et al. (2024)
68,spaghetto,colla,,Lo spaghetto è una colla.,Lo spaghetto è come una colla.,forbice,9,,,,5,36,12,4.266,4.241,3.2,2.8,4.067,4.733,0.753,1.2,4.267,Bambini et al. (2024)
69,speranza,faro,,La speranza è un faro.,La speranza è come un faro.,luce,8,,,,4,480,39,2.595,4.09,5,2.4,4.333,5.333,0.695,2.143,5.833,Bambini et al. (2024)
70,storia,ruota,,La storia è una ruota.,La storia è come una ruota.,carro,6,,,,5,1662,160,2.963,4.416,4,3.933,3.467,6.067,0.631,1.619,5,Bambini et al. (2024)
71,strada,groviera,,La strada è una groviera.,La strada è come una groviera.,parmigiano,6,,,,8,1293,,4.595,,2.235,3.471,3.588,5.667,0.818,1.333,4.5,Bambini et al. (2024)
72,stress,bomba,,Lo stress è una bomba.,Lo stress è come una bomba.,mina,6,,,,5,81,210,3.088,4.606,3.867,3.267,3.6,5.6,0.862,1.8,4.818,Bambini et al. (2024)
73,svago,oasi,,Lo svago è un'oasi.,Lo svago è come un'oasi.,palma,5,,,,4,28,24,3.178,3.416,4.067,2.267,4.333,4.8,0.646,1.1,4.375,Bambini et al. (2024)
74,tacco,trampolo,,Il tacco è un trampolo.,Il tacco è come un trampolo.,circo,5,,,,8,41,1,4.2,,5.133,1.867,5,3.8,0.547,1.9,5.583,Bambini et al. (2024)
75,talento,diamante,,Il talento è un diamante.,Il talento è come un diamante.,diadema,7,,,,8,141,30,3.057,4.213,3.933,3.2,3.733,6.267,0.62,2.1,5.471,Bambini et al. (2024)
76,tempo,torrente,,Il tempo è un torrente.,Il tempo è come un torrente.,ghiaia,5,,,,8,3598,33,2.914,4.344,4.467,2.6,5.2,5.467,0.805,1.45,5.455,Bambini et al. (2024)
77,tradimento,ferita,,Il tradimento è una ferita.,Il tradimento è come una ferita.,cerotto,10,,,,6,91,92,3.093,4.093,5.333,1.933,4.667,5.467,0.738,1.5,6,Bambini et al. (2024)
78,tramonto,fuoco,,Il tramonto è un fuoco.,Il tramonto è come un fuoco.,cenere,8,,,,5,68,609,3.857,4.179,4.176,1.941,5.176,5.067,0.687,1.333,5.882,Bambini et al. (2024)
79,umiliazione,tatuaggio,,L'umiliazione è un tatuaggio.,L'umiliazione è come un tatuaggio.,disegno,11,,,,9,29,22,2.844,4.512,1.4,3.8,2.2,6,0.73,1.095,4.6,Bambini et al. (2024)
80,vaccino,ombrello,,Il vaccino è un ombrello.,Il vaccino è come un ombrello.,pioggia,7,,,,8,9,31,4.112,4.649,3.467,3.581,2.53,5.333,0.831,1.368,5.222,Bambini et al. (2024)
81,verità,torcia,,La verità è una torcia.,La verità è come una torcia.,grotta,6,,,,6,519,21,2.504,4.651,3.4,3.2,3.267,5.2,0.758,1.5,5.235,Bambini et al. (2024)
82,vino,rubino,,Il vino è un rubino.,Il vino è come un rubino.,gioiello,4,,,,6,283,7,4.204,4.161,2.765,3.647,3.765,4.933,0.574,1.556,5.647,Bambini et al. (2024)
83,vita,altalena,,La vita è un'altalena.,La vita è come un'altalena.,parco,4,,,,8,2829,17,2.883,4.312,5.333,2.133,4.067,5.133,0.777,1.7,4.917,Bambini et al. (2024)
84,azienda,organismo,A business is a living organism.,Un'azienda è un organismo vivente.,Un'azienda è come un organismo vivente.,,,1.79,3.76,High,,,,,,,,,,,,,Jones and Estes (2006)
85,cucina,organismo,A kitchen is a living organism.,Una cucina è un organismo vivente.,Una cucina è come un organismo vivente.,,,1.79,2.85,Low,,,,,,,,,,,,,Jones and Estes (2006)
86,portiere,ragno,A goalie is a spider.,Un portiere è un ragno.,Un portiere è come un ragno.,,,1.82,3.27,High,,,,,,,,,,,,,Jones and Estes (2006)
87,pescatore,ragno,A fisherman is a spider.,Un pescatore è un ragno.,Un pescatore è come un ragno.,,,1.82,1.76,Low,,,,,,,,,,,,,Jones and Estes (2006)
88,macchina,barca,His old car is a boat.,La sua vecchia macchina è una barca.,La sua vecchia macchina è come una barca.,,,2.42,3.21,High,,,,,,,,,,,,,Jones and Estes (2006)
89,tosaerba,barca,His old lawn mower is a boat.,Il suo vecchio tosaerba è una barca.,Il suo vecchio tosaerba è come una barca.,,,2.42,2.61,Low,,,,,,,,,,,,,Jones and Estes (2006)
90,castori,boscaioli,Beavers are lumberjacks.,I castori sono boscaioli.,I castori sono come boscaioli.,,,2.58,5.24,High,,,,,,,,,,,,,Jones and Estes (2006)
91,termiti,boscaioli,Termites are lumberjacks.,Le termiti sono boscaioli.,Le termiti sono come boscaioli.,,,2.58,4.18,Low,,,,,,,,,,,,,Jones and Estes (2006)
92,stomaci,botti,Some stomachs are barrels.,Alcuni stomaci sono botti.,Alcuni stomaci sono come botti.,,,2.64,4.7,High,,,,,,,,,,,,,Jones and Estes (2006)
93,vesciche,botti,Some bladders are barrels.,Alcune vesciche sono botti.,Alcune vesciche sono come botti.,,,2.64,3.59,Low,,,,,,,,,,,,,Jones and Estes (2006)
94,lezioni,sonniferi,Some lectures are sleeping pills.,Alcune lezioni sono sonniferi.,Alcune lezioni sono come sonniferi.,,,2.67,6.09,High,,,,,,,,,,,,,Jones and Estes (2006)
95,comici,sonniferi,Some comedians are sleeping pills.,Alcuni comici sono sonniferi.,Alcuni comici sono come sonniferi.,,,2.67,3.31,Low,,,,,,,,,,,,,Jones and Estes (2006)
96,ricerca,alpinismo,Research is mountain climbing.,La ricerca è l'alpinismo.,La ricerca è come l'alpinismo.,,,2.97,4.27,High,,,,,,,,,,,,,Jones and Estes (2006)
97,valutazione,alpinismo,Grading is mountain climbing.,La valutazione è l'alpinismo.,La valutazione è come l'alpinismo.,,,2.97,2.9,Low,,,,,,,,,,,,,Jones and Estes (2006)
98,sguardo,ghiaccio,Her unflinching gaze is ice.,Il suo sguardo impassibile è ghiaccio.,Il suo sguardo impassibile è come ghiaccio.,,,3,4.48,High,,,,,,,,,,,,,Jones and Estes (2006)
99,cenno,ghiaccio,Her quick nod is ice.,Il suo rapido cenno è ghiaccio.,Il suo rapido cenno è come ghiaccio.,,,3,3.61,Low,,,,,,,,,,,,,Jones and Estes (2006)
100,madre,mulo,Her mother is a mule.,Sua madre è un mulo.,Sua madre è come un mulo.,,,3,3.17,High,,,,,,,,,,,,,Jones and Estes (2006)
101,parrucchiere,mulo,Her hairdresser is a mule.,Il suo parrucchiere è un mulo.,Il suo parrucchiere è come un mulo.,,,3,2.03,Low,,,,,,,,,,,,,Jones and Estes (2006)
102,insulti,rasoi,Insults are razors.,Gli insulti sono rasoi.,Gli insulti sono come rasoi.,,,3.18,5.41,High,,,,,,,,,,,,,Jones and Estes (2006)
103,valutazioni,rasoi,Evaluations are razors.,Le valutazioni sono rasoi.,Le valutazioni sono come rasoi.,,,3.18,3.52,Low,,,,,,,,,,,,,Jones and Estes (2006)
104,fumo,bomba,Smoking is a time bomb.,Il fumo è una bomba a orologeria.,Il fumo è come una bomba a orologeria.,,,3.18,5.24,High,,,,,,,,,,,,,Jones and Estes (2006)
105,cocaina,bomba,Cocaine is a time bomb.,La cocaina è una bomba a orologeria.,La cocaina è come una bomba a orologeria.,,,3.18,4.66,Low,,,,,,,,,,,,,Jones and Estes (2006)
106,istruzione,lanterna,Education is a lantern.,L'istruzione è una lanterna.,L'istruzione è come una lanterna.,,,3.21,5.17,High,,,,,,,,,,,,,Jones and Estes (2006)
107,dibattito,lanterna,Debate is a lantern.,Il dibattito è una lanterna.,Il dibattito è come una lanterna.,,,3.21,3.18,Low,,,,,,,,,,,,,Jones and Estes (2006)
108,marito,gioiello,Her husband is a gem.,Suo marito è un gioiello.,Suo marito è come un gioiello.,,,3.45,4.97,High,,,,,,,,,,,,,Jones and Estes (2006)
109,ex marito,gioiello,Her ex-husband is a gem.,Il suo ex marito è un gioiello.,Il suo ex marito è come un gioiello.,,,3.45,3.64,Low,,,,,,,,,,,,,Jones and Estes (2006)
110,gallo,sveglia,A rooster is an alarm clock.,Un gallo è una sveglia.,Un gallo è come una sveglia.,,,3.48,5.52,High,,,,,,,,,,,,,Jones and Estes (2006)
111,pettirosso,sveglia,A robin is an alarm clock.,Un pettirosso è una sveglia.,Un pettirosso è come una sveglia.,,,3.48,3.88,Low,,,,,,,,,,,,,Jones and Estes (2006)
112,corso di informatica,barzelletta,My computer skills course is a joke.,Il mio corso di informatica è una barzelletta.,Il mio corso di informatica è come una barzelletta.,,,3.52,5.48,High,,,,,,,,,,,,,Jones and Estes (2006)
113,corso di chimica organica,barzelletta,My organic chemistry course is a joke.,Il mio corso di chimica organica è una barzelletta.,Il mio corso di chimica organica è come una barzelletta.,,,3.52,4.31,Low,,,,,,,,,,,,,Jones and Estes (2006)
114,mente,arena,The mind is an arena.,La mente è un'arena.,La mente è come un'arena.,,,3.55,4.72,High,,,,,,,,,,,,,Jones and Estes (2006)
115,subconscio,arena,The subconscious is an arena.,Il subconscio è un'arena.,Il subconscio è come un'arena.,,,3.55,4.03,Low,,,,,,,,,,,,,Jones and Estes (2006)
116,negozi,giungle,Many stores are jungles.,Molti negozi sono giungle.,Molti negozi sono come giungle.,,,3.55,4.36,High,,,,,,,,,,,,,Jones and Estes (2006)
117,spiagge,giungle,Many beaches are jungles.,Molte spiagge sono giungle.,Molte spiagge sono come giungle.,,,3.55,2.24,Low,,,,,,,,,,,,,Jones and Estes (2006)
118,classe dell'asilo,zoo,His kindergarten class is a zoo.,La sua classe dell'asilo è uno zoo.,La sua classe dell'asilo è come uno zoo.,,,3.58,5.69,High,,,,,,,,,,,,,Jones and Estes (2006)
119,classe universitaria,zoo,His college class is a zoo.,La sua classe universitaria è uno zoo.,La sua classe universitaria è come uno zoo.,,,3.58,4.64,Low,,,,,,,,,,,,,Jones and Estes (2006)
120,vialetto,pista di pattinaggio,The driveway is an ice rink.,Il vialetto è una pista di pattinaggio.,Il vialetto è come una pista di pattinaggio.,,,3.64,4,High,,,,,,,,,,,,,Jones and Estes (2006)
121,prato,pista di pattinaggio,The front lawn is an ice rink.,Il prato davanti casa è una pista di pattinaggio.,Il prato davanti casa è come una pista di pattinaggio.,,,3.64,2.86,Low,,,,,,,,,,,,,Jones and Estes (2006)
122,esame finale di geografia,impresa,Her final exam in Geography was a bear.,Il suo esame finale di geografia era un'impresa.,Il suo esame finale di geografia era come un'impresa.,,,3.73,3.41,High,,,,,,,,,,,,,Jones and Estes (2006)
123,estati libere,impresa,Having summers off was a bear.,Avere le estati libere era un'impresa.,Avere le estati libere era come un'impresa.,,,3.73,2.12,Low,,,,,,,,,,,,,Jones and Estes (2006)
124,bugia,pugnale,A lie is a dagger.,Una bugia è un pugnale.,Una bugia è come un pugnale.,,,3.73,5.69,High,,,,,,,,,,,,,Jones and Estes (2006)
125,desiderio,pugnale,A wish is a dagger.,Un desiderio è un pugnale.,Un desiderio è come un pugnale.,,,3.73,2.48,Low,,,,,,,,,,,,,Jones and Estes (2006)
126,brutta notizia,terremoto,The bad news was an earthquake.,La brutta notizia è stata un terremoto.,La brutta notizia è stata come un terremoto.,,,3.85,4.79,High,,,,,,,,,,,,,Jones and Estes (2006)
127,buona notizia,terremoto,The good news was an earthquake.,La buona notizia è stata un terremoto.,La buona notizia è stata come un terremoto.,,,3.85,2,Low,,,,,,,,,,,,,Jones and Estes (2006)
128,zoo,museo,A zoo is a museum.,Uno zoo è un museo.,Uno zoo è come un museo.,,,3.94,4.14,High,,,,,,,,,,,,,Jones and Estes (2006)
129,conferenza,museo,A conference is a museum.,Una conferenza è un museo.,Una conferenza è come un museo.,,,3.94,2.48,Low,,,,,,,,,,,,,Jones and Estes (2006)
130,avventura,montagna russa,Adventure is a roller coaster.,L'avventura è una montagna russa.,L'avventura è come una montagna russa.,,,3.97,5.66,High,,,,,,,,,,,,,Jones and Estes (2006)
131,viaggiare,montagna russa,Traveling is a roller coaster.,Viaggiare è una montagna russa.,Viaggiare è come una montagna russa.,,,3.97,4.79,Low,,,,,,,,,,,,,Jones and Estes (2006)
132,impronta digitale,ritratto,That criminal's fingerprint is a portrait.,L'impronta digitale di quel criminale è un ritratto.,L'impronta digitale di quel criminale è come un ritratto.,,,4.03,4.85,High,,,,,,,,,,,,,Jones and Estes (2006)
133,percorso,ritratto,That criminal's pathway is a portrait.,Il percorso di quel criminale è un ritratto.,Il percorso di quel criminale è come un ritratto.,,,4.03,2.79,Low,,,,,,,,,,,,,Jones and Estes (2006)
134,insegnanti,enciclopedie,Some teachers are encyclopedias.,Alcuni insegnanti sono enciclopedie.,Alcuni insegnanti sono come enciclopedie.,,,4.09,5.64,High,,,,,,,,,,,,,Jones and Estes (2006)
135,allenatori,enciclopedie,Some coaches are encyclopedias.,Alcuni allenatori sono enciclopedie.,Alcuni allenatori sono come enciclopedie.,,,4.09,3.31,Low,,,,,,,,,,,,,Jones and Estes (2006)
136,nonna,pesca,My grandmother is a peach.,Mia nonna è una pesca.,Mia nonna è come una pesca.,,,4.09,4.82,High,,,,,,,,,,,,,Jones and Estes (2006)
137,ragazzo,pesca,My boyfriend is a peach.,Il mio ragazzo è una pesca.,Il mio ragazzo è come una pesca.,,,4.09,3.41,Low,,,,,,,,,,,,,Jones and Estes (2006)
138,peperoncini jalapeño,fuoco,Jalapeño peppers are fire.,I peperoncini jalapeño sono fuoco.,I peperoncini jalapeño sono come fuoco.,,,4.12,5.03,High,,,,,,,,,,,,,Jones and Estes (2006)
139,peperoni,fuoco,Bell peppers are fire.,I peperoni sono fuoco.,I peperoni sono come fuoco.,,,4.12,3.97,Low,,,,,,,,,,,,,Jones and Estes (2006)
140,divorzi,tempeste,Some divorces are storms.,Alcuni divorzi sono tempeste.,Alcuni divorzi sono come tempeste.,,,4.12,5.7,High,,,,,,,,,,,,,Jones and Estes (2006)
141,adozioni,tempeste,Some adoptions are storms.,Alcune adozioni sono tempeste.,Alcune adozioni sono come tempeste.,,,4.12,2.59,Low,,,,,,,,,,,,,Jones and Estes (2006)
142,sarcasmo,velo,Sarcasm is a veil.,Il sarcasmo è un velo.,Il sarcasmo è come un velo.,,,4.15,4.67,High,,,,,,,,,,,,,Jones and Estes (2006)
143,ostilità,velo,Hostility is a veil.,L'ostilità è un velo.,L'ostilità è come un velo.,,,4.15,3.79,Low,,,,,,,,,,,,,Jones and Estes (2006)
144,musica,medicina,Music can be medicine.,La musica è una medicina.,La musica è come una medicina.,,,4.18,6.18,High,,,,,,,,,,,,,Jones and Estes (2006)
145,reality show,medicina,Reality TV can be medicine.,I reality show sono una medicina.,I reality show sono come una medicina.,,,4.18,2.69,Low,,,,,,,,,,,,,Jones and Estes (2006)
146,modella,acciuga,That fashion model is a rail.,Quella modella è un'acciuga.,Quella modella è come un'acciuga.,,,4.21,5.3,High,,,,,,,,,,,,,Jones and Estes (2006)
147,calciatore,acciuga,That football player is a rail.,Quel calciatore è un'acciuga.,Quel calciatore è come un'acciuga.,,,4.21,2.28,Low,,,,,,,,,,,,,Jones and Estes (2006)
148,alcol,stampella,Alcohol is a crutch.,L'alcol è una stampella.,L'alcol è come una stampella.,,,4.36,4.52,High,,,,,,,,,,,,,Jones and Estes (2006)
149,pizza,stampella,Pizza is a crutch.,La pizza è una stampella.,La pizza è come una stampella.,,,4.36,2.33,Low,,,,,,,,,,,,,Jones and Estes (2006)
150,ballerini,farfalle,Dancers can be butterflies.,I ballerini sono farfalle.,I ballerini sono come farfalle.,,,4.39,4.66,High,,,,,,,,,,,,,Jones and Estes (2006)
151,calciatori,farfalle,Soccer players can be butterflies.,I calciatori sono farfalle.,I calciatori sono come farfalle.,,,4.39,2.64,Low,,,,,,,,,,,,,Jones and Estes (2006)
152,disciplina,fertilizzante,Discipline is fertilizer.,La disciplina è un fertilizzante.,La disciplina è come un fertilizzante.,,,4.61,3.38,High,,,,,,,,,,,,,Jones and Estes (2006)
153,controllo,fertilizzante,Control is fertilizer.,Il controllo è un fertilizzante.,Il controllo è come un fertilizzante.,,,4.61,2.73,Low,,,,,,,,,,,,,Jones and Estes (2006)
154,albero,ombrello,A tree is an umbrella.,Un albero è un ombrello.,Un albero è come un ombrello.,,,4.61,4.21,High,,,,,,,,,,,,,Jones and Estes (2006)
155,rivista,ombrello,A magazine is an umbrella.,Una rivista è un ombrello.,Una rivista è come un ombrello.,,,4.61,2.15,Low,,,,,,,,,,,,,Jones and Estes (2006)
156,amore,fiore,Love is a flower.,L'amore è un fiore.,L'amore è come un fiore.,,,4.64,5.34,High,,,,,,,,,,,,,Jones and Estes (2006)
157,odio,fiore,Hatred is a flower.,L'odio è un fiore.,L'odio è come un fiore.,,,4.64,1.85,Low,,,,,,,,,,,,,Jones and Estes (2006)
158,voci,sirene,Some voices are sirens.,Alcune voci sono sirene.,Alcune voci sono come sirene.,,,4.64,5,High,,,,,,,,,,,,,Jones and Estes (2006)
159,russamenti,sirene,Some snores are sirens.,Alcuni russamenti sono sirene.,Alcuni russamenti sono come sirene.,,,4.64,3.76,Low,,,,,,,,,,,,,Jones and Estes (2006)
160,receptionist,boccata d'aria fresca,That receptionist is a breath of fresh air.,Quella receptionist è una boccata d'aria fresca.,Quella receptionist è come una boccata d'aria fresca.,,,4.7,4.52,High,,,,,,,,,,,,,Jones and Estes (2006)
161,contabile,boccata d'aria fresca,That accountant is a breath of fresh air.,Quel contabile è una boccata d'aria fresca.,Quel contabile è come una boccata d'aria fresca.,,,4.7,3.38,Low,,,,,,,,,,,,,Jones and Estes (2006)
162,migliore amico,ancora,A best friend is an anchor.,Un migliore amico è un'ancora.,Un migliore amico è come un'ancora.,,,4.79,6.07,High,,,,,,,,,,,,,Jones and Estes (2006)
163,avversario,ancora,An opponent is an anchor.,Un avversario è un'ancora.,Un avversario è come un'ancora.,,,4.79,2.94,Low,,,,,,,,,,,,,Jones and Estes (2006)
164,matrimonio,guinzaglio corto,His marriage was a short leash.,Il suo matrimonio era un guinzaglio corto.,Il suo matrimonio era come un guinzaglio corto.,,,4.79,4,High,,,,,,,,,,,,,Jones and Estes (2006)
165,ufficio,guinzaglio corto,His office was a short leash.,Il suo ufficio era un guinzaglio corto.,Il suo ufficio era come un guinzaglio corto.,,,4.79,2.52,Low,,,,,,,,,,,,,Jones and Estes (2006)
166,folla esultante,tuono,The cheering crowd was thunder.,La folla esultante era un tuono.,La folla esultante era come un tuono.,,,4.79,5.39,High,,,,,,,,,,,,,Jones and Estes (2006)
167,giocatore di basket,tuono,The basketball player was thunder.,Il giocatore di basket era un tuono.,Il giocatore di basket era come un tuono.,,,4.79,2.76,Low,,,,,,,,,,,,,Jones and Estes (2006)
168,Grandi Pianure,tavoliere,The Great Plains are a board.,Le Grandi Pianure sono un tavoliere.,Le Grandi Pianure sono come un tavoliere.,,,4.82,2.76,High,,,,,,,,,,,,,Jones and Estes (2006)
169,spiagge costiere,tavoliere,The coastal beaches are a board.,Le spiagge costiere sono un tavoliere.,Le spiagge costiere sono come un tavoliere.,,,4.82,1.9,Low,,,,,,,,,,,,,Jones and Estes (2006)
170,laurea,porta d'accesso,A college degree is a doorway.,Una laurea è una porta d'accesso.,Una laurea è come una porta d'accesso.,,,4.94,6.07,High,,,,,,,,,,,,,Jones and Estes (2006)
171,completamento di un corso,porta d'accesso,A course completion is a doorway.,Il completamento di un corso è una porta d'accesso.,Il completamento di un corso è come una porta d'accesso.,,,4.94,4.24,Low,,,,,,,,,,,,,Jones and Estes (2006)
172,sorrisi,magneti,Some smiles are magnets.,Alcuni sorrisi sono magneti.,Alcuni sorrisi sono come magneti.,,,4.94,5.39,High,,,,,,,,,,,,,Jones and Estes (2006)
173,lacrime,magneti,Some tears are magnets.,Alcune lacrime sono magneti.,Alcune lacrime sono come magneti.,,,4.94,3,Low,,,,,,,,,,,,,Jones and Estes (2006)
174,giovane cugino,gamberetto,My young cousin is a shrimp.,Il mio giovane cugino è un gamberetto.,Il mio giovane cugino è come un gamberetto.,,,5.03,4.85,High,,,,,,,,,,,,,Jones and Estes (2006)
175,padre,gamberetto,My father is a shrimp.,Mio padre è un gamberetto.,Mio padre è come un gamberetto.,,,5.03,3.52,Low,,,,,,,,,,,,,Jones and Estes (2006)
176,maggiordomi,asini,Butlers can be donkeys.,I maggiordomi sono asini.,I maggiordomi sono come asini.,,,5.06,2.64,High,,,,,,,,,,,,,Jones and Estes (2006)
177,nonni,asini,Grandparents can be donkeys.,I nonni sono asini.,I nonni sono come asini.,,,5.06,1.79,Low,,,,,,,,,,,,,Jones and Estes (2006)
178,modelle,ramoscelli,Some fashion models are twigs.,Alcune modelle sono ramoscelli.,Alcune modelle sono come ramoscelli.,,,5.06,6.15,High,,,,,,,,,,,,,Jones and Estes (2006)
179,nuotatori,ramoscelli,Some swimmers are twigs.,Alcuni nuotatori sono ramoscelli.,Alcuni nuotatori sono come ramoscelli.,,,5.06,3.24,Low,,,,,,,,,,,,,Jones and Estes (2006)
180,amore,viaggio,Love is a journey.,L'amore è un viaggio.,L'amore è come un viaggio.,,,5.09,6.48,High,,,,,,,,,,,,,Jones and Estes (2006)
181,sogno,viaggio,A dream is a journey.,Un sogno è un viaggio.,Un sogno è come un viaggio.,,,5.09,5.69,Low,,,,,,,,,,,,,Jones and Estes (2006)
182,donna incinta,anatra,That pregnant woman is a duck.,Quella donna incinta è un'anatra.,Quella donna incinta è come un'anatra.,,,5.21,2.82,High,,,,,,,,,,,,,Jones and Estes (2006)
183,professore,anatra,That professor is a duck.,Quel professore è un'anatra.,Quel professore è come un'anatra.,,,5.21,2,Low,,,,,,,,,,,,,Jones and Estes (2006)
184,cani,principesse,Some dogs are princesses.,Alcuni cani sono principesse.,Alcuni cani sono come principesse.,,,5.27,4.33,High,,,,,,,,,,,,,Jones and Estes (2006)
185,criceti,principesse,Some hamsters are princesses.,Alcuni criceti sono principesse.,Alcuni criceti sono come principesse.,,,5.27,1.97,Low,,,,,,,,,,,,,Jones and Estes (2006)
186,pelo del gatto,seta,My cat's fur is silk.,Il pelo del mio gatto è seta.,Il pelo del mio gatto è come seta.,,,5.3,4.88,High,,,,,,,,,,,,,Jones and Estes (2006)
187,pelo del topo,seta,My rat's fur is silk.,Il pelo del mio topo è seta.,Il pelo del mio topo è come seta.,,,5.3,2.76,Low,,,,,,,,,,,,,Jones and Estes (2006)
188,libri,scrigni del tesoro,Books are treasure chests.,I libri sono scrigni del tesoro.,I libri sono come scrigni del tesoro.,,,5.3,5.66,High,,,,,,,,,,,,,Jones and Estes (2006)
189,tabloid,scrigni del tesoro,Tabloids are treasure chests.,I tabloid sono scrigni del tesoro.,I tabloid sono come scrigni del tesoro.,,,5.3,2.67,Low,,,,,,,,,,,,,Jones and Estes (2006)
190,corridori,ghepardi,Some runners are cheetahs.,Alcuni corridori sono ghepardi.,Alcuni corridori sono come ghepardi.,,,5.45,5.64,High,,,,,,,,,,,,,Jones and Estes (2006)
191,pattinatori,ghepardi,Some skaters are cheetahs.,Alcuni pattinatori sono ghepardi.,Alcuni pattinatori sono come ghepardi.,,,5.45,2.62,Low,,,,,,,,,,,,,Jones and Estes (2006)
192,lavori,prigioni,Many jobs are jails.,Molti lavori sono prigioni.,Molti lavori sono come prigioni.,,,5.48,4.88,High,,,,,,,,,,,,,Jones and Estes (2006)
193,squadre,prigioni,Many teams are jails.,Molte squadre sono prigioni.,Molte squadre sono come prigioni.,,,5.48,1.93,Low,,,,,,,,,,,,,Jones and Estes (2006)
194,tempo,denaro,Time is money.,Il tempo è denaro.,Il tempo è come denaro.,,,5.52,5.88,High,,,,,,,,,,,,,Jones and Estes (2006)
195,conoscenza,denaro,Knowledge is money.,La conoscenza è denaro.,La conoscenza è come denaro.,,,5.52,5,Low,,,,,,,,,,,,,Jones and Estes (2006)
196,pianeta Terra,palla,The planet Earth is a ball.,Il pianeta Terra è una palla.,Il pianeta Terra è come una palla.,,,5.55,4.61,High,,,,,,,,,,,,,Jones and Estes (2006)
197,stella,palla,The nearest star is a ball.,La stella più vicina è una palla.,La stella più vicina è come una palla.,,,5.55,2.45,Low,,,,,,,,,,,,,Jones and Estes (2006)
198,uccelli,aerei,Birds are airplanes.,Gli uccelli sono aerei.,Gli uccelli sono come aerei.,,,5.61,3.7,High,,,,,,,,,,,,,Jones and Estes (2006)
199,pipistrelli,aerei,Bats are airplanes.,I pipistrelli sono aerei.,I pipistrelli sono come aerei.,,,5.61,2.14,Low,,,,,,,,,,,,,Jones and Estes (2006)
200,idee,diamanti,Ideas can be diamonds.,Le idee sono diamanti.,Le idee sono come diamanti.,,,5.73,5.62,High,,,,,,,,,,,,,Jones and Estes (2006)
201,recensioni,diamanti,Reviews can be diamonds.,Le recensioni sono diamanti.,Le recensioni sono come diamanti.,,,5.73,3.91,Low,,,,,,,,,,,,,Jones and Estes (2006)
202,rabbia,vulcano,Anger is a volcano.,La rabbia è un vulcano.,La rabbia è come un vulcano.,,,5.73,5.62,High,,,,,,,,,,,,,Jones and Estes (2006)
203,tristezza,vulcano,Sadness is a volcano.,La tristezza è un vulcano.,La tristezza è come un vulcano.,,,5.73,3.76,Low,,,,,,,,,,,,,Jones and Estes (2006)
204,senatore,fossile,The senator is a fossil.,Il senatore è un fossile.,Il senatore è come un fossile.,,,5.76,4.52,High,,,,,,,,,,,,,Jones and Estes (2006)
205,campione di atletica,fossile,The track star is a fossil.,Il campione di atletica è un fossile.,Il campione di atletica è come un fossile.,,,5.76,2.24,Low,,,,,,,,,,,,,Jones and Estes (2006)
206,braccia del ragazzo,acciaio,My boyfriend's arms are steel.,Le braccia del mio ragazzo sono acciaio.,Le braccia del mio ragazzo sono come acciaio.,,,5.76,5.36,High,,,,,,,,,,,,,Jones and Estes (2006)
207,gambe del nonno,acciaio,My grandfather's legs are steel.,Le gambe di mio nonno sono acciaio.,Le gambe di mio nonno sono come acciaio.,,,5.76,3.45,Low,,,,,,,,,,,,,Jones and Estes (2006)
208,camera da letto,discarica,That bedroom is a dump.,Quella camera da letto è una discarica.,Quella camera come da letto è una discarica.,,,5.82,5.52,High,,,,,,,,,,,,,Jones and Estes (2006)
209,sala conferenze,discarica,That conference room is a dump.,Quella sala conferenze è una discarica.,Quella sala conferenze è come una discarica.,,,5.82,4.79,Low,,,,,,,,,,,,,Jones and Estes (2006)
210,memoria,magazzino,Memory is a warehouse.,La memoria è un magazzino.,La memoria è come un magazzino.,,,5.85,5.52,High,,,,,,,,,,,,,Jones and Estes (2006)
211,intelligenza,magazzino,Intelligence is a warehouse.,L'intelligenza è un magazzino.,L'intelligenza è come un magazzino.,,,5.85,3.38,Low,,,,,,,,,,,,,Jones and Estes (2006)