ID,Met_topic,Met_vehicle,Eng_item,Metaphor,Simile,Lit_topic/vehicle,LengthTopic,Eng_conventionality,Eng_aptness,Eng_aptness_label,LengthVehicle,FrequencyTopic,FrequencyVehicle,ConcretenessTopic,ConcretenessVehicle,Familiarity,Difficulty,Imageability,Metaphoricity,SemanticDistance,N°interpretations,Strength,resources,Metaphor_log_likelihood_norm,Simile_log_likelihood_norm,Simile_come_cloze_surprisal,source_llm,Metaphor_log_likelihood_norm__sapienzanlp_Minerva_350M_base_v1_0,Simile_log_likelihood_norm__sapienzanlp_Minerva_350M_base_v1_0,Simile_come_cloze_surprisal__sapienzanlp_Minerva_350M_base_v1_0,source_llm__sapienzanlp_Minerva_350M_base_v1_0
1,aeroplano,piuma,,L'aeroplano è una piuma.,L'aeroplano è come una piuma.,oca,9.0,,,,5.0,10.0,32.0,4.408,4.338,2.765,3.529,3.529,5.4,0.691,1.619,4.636,Bambini et al. (2024),-3.272727272727273,-2.9375,6.5625,sapienzanlp/Minerva-1B-base-v1.0,-2.875,-2.7708333333333335,6.75,sapienzanlp/Minerva-350M-base-v1.0
2,amicizia,cuscino,,L'amicizia è un cuscino.,L'amicizia è come un cuscino.,letto,8.0,,,,7.0,212.0,57.0,3.121,5.036,2.2,4.6,3.067,5.867,0.877,1.714,4.727,Bambini et al. (2024),-3.625,-3.2222222222222223,6.9375,sapienzanlp/Minerva-1B-base-v1.0,-3.953125,-3.0555555555555554,6.3125,sapienzanlp/Minerva-350M-base-v1.0
3,anima,pianoforte,,L'anima è un pianoforte.,L'anima è come un pianoforte.,tasto,5.0,,,,10.0,341.0,70.0,2.726,4.591,2.667,4.6,2.733,4.667,0.791,1.556,4.867,Bambini et al. (2024),-3.875,-3.390625,7.03125,sapienzanlp/Minerva-1B-base-v1.0,-4.267857142857143,-3.421875,7.125,sapienzanlp/Minerva-350M-base-v1.0
4,apparenza,trappola,,L'apparenza è una trappola.,L'apparenza è come una trappola.,topo,9.0,,,,8.0,82.0,56.0,2.415,3.91,4.0,3.067,3.333,5.8,0.727,1.619,4.727,Bambini et al. (2024),-2.9722222222222223,-3.35,6.90625,sapienzanlp/Minerva-1B-base-v1.0,-3.013888888888889,-3.275,6.125,sapienzanlp/Minerva-350M-base-v1.0
5,aula,teatro,,L'aula è un teatro.,L'aula è come un teatro.,spettacolo,4.0,,,,6.0,225.0,496.0,4.339,3.558,2.867,2.867,3.933,2.667,0.732,2.0,4.385,Bambini et al. (2024),-3.982142857142857,-3.671875,7.53125,sapienzanlp/Minerva-1B-base-v1.0,-4.035714285714286,-3.640625,7.0625,sapienzanlp/Minerva-350M-base-v1.0
6,autismo,cactus,,L'autismo è un cactus.,L'autismo è come un cactus.,deserto,7.0,,,,6.0,1.0,10.0,3.232,4.319,2.0,4.6,2.533,6.333,0.895,1.333,4.143,Bambini et al. (2024),-3.7,-2.897727272727273,6.84375,sapienzanlp/Minerva-1B-base-v1.0,-3.6,-3.090909090909091,7.15625,sapienzanlp/Minerva-350M-base-v1.0
7,barba,lana,,La barba è una lana.,La barba è come una lana.,cotone,5.0,,,,4.0,70.0,50.0,4.304,4.597,2.412,3.118,3.941,4.867,0.665,1.5,4.933,Bambini et al. (2024),-5.214285714285714,-4.40625,7.4375,sapienzanlp/Minerva-1B-base-v1.0,-4.964285714285714,-4.21875,7.0625,sapienzanlp/Minerva-350M-base-v1.0
8,biblioteca,tesoro,,La biblioteca è un tesoro.,La biblioteca è come un tesoro.,corona,10.0,,,,6.0,102.0,191.0,4.24,3.697,3.333,2.933,3.6,4.667,0.738,2.095,5.545,Bambini et al. (2024),-4.229166666666667,-3.928571428571429,7.875,sapienzanlp/Minerva-1B-base-v1.0,-4.375,-4.5,6.625,sapienzanlp/Minerva-350M-base-v1.0
9,burocrazia,labirinto,,La burocrazia è un labirinto.,La burocrazia è come un labirinto.,siepe,10.0,,,,9.0,39.0,27.0,2.49,3.671,5.0,2.333,4.4,5.867,0.726,1.7,5.091,Bambini et al. (2024),-2.958333333333333,-3.125,7.5625,sapienzanlp/Minerva-1B-base-v1.0,-3.1666666666666665,-3.1125,6.8125,sapienzanlp/Minerva-350M-base-v1.0
10,caffè,benzina,,Il caffè è una benzina.,Il caffè è come una benzina.,rifornimento,5.0,,,,7.0,164.0,108.0,4.487,4.458,2.412,3.0,3.941,5.2,0.61,1.333,6.062,Bambini et al. (2024),-5.208333333333333,-4.321428571428571,7.5,sapienzanlp/Minerva-1B-base-v1.0,-4.8125,-4.214285714285714,6.6875,sapienzanlp/Minerva-350M-base-v1.0
11,censura,manetta,,La censura è una manetta.,La censura è come una manetta.,polso,7.0,,,,7.0,52.0,59.0,3.032,4.135,4.0,2.533,3.933,4.933,0.882,1.619,4.917,Bambini et al. (2024),-4.90625,-4.388888888888889,7.34375,sapienzanlp/Minerva-1B-base-v1.0,-4.78125,-4.5,6.875,sapienzanlp/Minerva-350M-base-v1.0
12,cervello,noce,,Il cervello è una noce.,Il cervello è come una noce.,mandorla,8.0,,,,4.0,178.0,54.0,3.69,4.414,3.294,2.765,4.529,5.067,0.817,2.0,5.389,Bambini et al. (2024),-4.446428571428571,-4.125,7.03125,sapienzanlp/Minerva-1B-base-v1.0,-4.821428571428571,-3.875,7.0,sapienzanlp/Minerva-350M-base-v1.0
13,cinismo,armatura,,Il cinismo è un'armatura.,Il cinismo è come un'armatura.,elmo,7.0,,,,8.0,27.0,14.0,2.326,4.141,3.333,3.667,3.467,6.2,0.851,1.5,5.133,Bambini et al. (2024),-3.888888888888889,-3.525,7.59375,sapienzanlp/Minerva-1B-base-v1.0,-3.75,-3.275,6.3125,sapienzanlp/Minerva-350M-base-v1.0
14,contratto,guinzaglio,,Il contratto è un guinzaglio.,Il contratto è come un guinzaglio.,cane,9.0,,,,10.0,338.0,11.0,3.242,4.118,2.412,3.824,3.706,6.133,0.799,1.25,5.312,Bambini et al. (2024),-4.71875,-3.9722222222222223,6.46875,sapienzanlp/Minerva-1B-base-v1.0,-4.53125,-3.7222222222222223,6.5,sapienzanlp/Minerva-350M-base-v1.0
15,cooperazione,orchestra,,La cooperazione è un'orchestra.,La cooperazione è come un'orchestra.,concerto,12.0,,,,9.0,51.0,168.0,2.131,4.036,4.733,2.267,5.733,4.067,0.786,1.65,4.818,Bambini et al. (2024),-3.890625,-3.4166666666666665,7.40625,sapienzanlp/Minerva-1B-base-v1.0,-4.34375,-3.8333333333333335,6.53125,sapienzanlp/Minerva-350M-base-v1.0
16,corruzione,ragnatela,,La corruzione è una ragnatela.,La corruzione è come una ragnatela.,polvere,10.0,,,,9.0,138.0,17.0,2.317,4.186,2.598,3.278,3.921,5.867,0.691,1.6,5.286,Bambini et al. (2024),-3.96875,-3.583333333333333,7.40625,sapienzanlp/Minerva-1B-base-v1.0,-3.875,-3.5833333333333335,7.3125,sapienzanlp/Minerva-350M-base-v1.0
17,coscienza,specchio,,La coscienza è uno specchio.,La coscienza è come uno specchio.,riflesso,9.0,,,,8.0,238.0,138.0,2.198,4.007,4.2,3.467,3.733,6.0,0.713,1.9,5.385,Bambini et al. (2024),-4.395833333333333,-3.875,7.09375,sapienzanlp/Minerva-1B-base-v1.0,-4.833333333333333,-4.0,6.3125,sapienzanlp/Minerva-350M-base-v1.0
18,cravatta,cappio,,La cravatta è un cappio.,La cravatta è come un cappio.,corda,8.0,,,,6.0,48.0,6.0,4.485,4.578,3.933,2.133,4.933,3.933,0.524,1.8,5.056,Bambini et al. (2024),-3.638888888888889,-3.45,7.0,sapienzanlp/Minerva-1B-base-v1.0,-3.9444444444444446,-3.45,6.78125,sapienzanlp/Minerva-350M-base-v1.0
19,curiosità,lente,,La curiosità è una lente.,La curiosità è come una lente.,occhiali,9.0,,,,5.0,175.0,31.0,2.857,3.501,4.267,3.267,4.067,6.133,0.809,1.7,4.917,Bambini et al. (2024),-4.8125,-4.392857142857143,7.1875,sapienzanlp/Minerva-1B-base-v1.0,-5.375,-4.607142857142857,6.09375,sapienzanlp/Minerva-350M-base-v1.0
20,debito,catena,,Il debito è una catena.,Il debito è come una catena.,anello,6.0,,,,6.0,182.0,134.0,3.085,3.856,2.533,3.533,2.867,5.733,0.897,1.5,4.824,Bambini et al. (2024),-5.375,-4.678571428571429,6.84375,sapienzanlp/Minerva-1B-base-v1.0,-4.854166666666667,-4.375,5.375,sapienzanlp/Minerva-350M-base-v1.0
21,delusione,crepa,,La delusione è una crepa.,La delusione è come una crepa.,parete,9.0,,,,5.0,113.0,11.0,2.642,4.488,3.133,3.933,3.333,5.533,0.66,1.619,5.333,Bambini et al. (2024),-4.1875,-3.7777777777777777,6.1875,sapienzanlp/Minerva-1B-base-v1.0,-3.90625,-3.638888888888889,6.3125,sapienzanlp/Minerva-350M-base-v1.0
22,entusiasmo,vulcano,,L'entusiasmo è un vulcano.,L'entusiasmo è come un vulcano.,lava,10.0,,,,7.0,175.0,30.0,2.536,4.191,4.533,2.4,4.6,5.333,0.756,1.6,6.312,Bambini et al. (2024),-3.2222222222222223,-3.1875,6.8125,sapienzanlp/Minerva-1B-base-v1.0,-3.4444444444444446,-3.275,7.3125,sapienzanlp/Minerva-350M-base-v1.0
23,famiglia,nido,,La famiglia è un nido.,La famiglia è come un nido.,uccello,8.0,,,,4.0,1430.0,59.0,3.772,4.554,6.0,1.733,5.333,5.2,0.71,2.0,6.333,Bambini et al. (2024),-4.208333333333333,-3.9642857142857135,6.9375,sapienzanlp/Minerva-1B-base-v1.0,-4.208333333333333,-3.8214285714285716,6.6875,sapienzanlp/Minerva-350M-base-v1.0
24,fede,fiamma,,La fede è una fiamma.,La fede è come una fiamma.,candela,4.0,,,,6.0,231.0,151.0,2.356,4.013,4.892,2.067,4.889,5.467,0.621,1.7,5.118,Bambini et al. (2024),-4.5625,-4.142857142857143,7.125,sapienzanlp/Minerva-1B-base-v1.0,-4.75,-4.178571428571429,6.46875,sapienzanlp/Minerva-350M-base-v1.0
25,fedeltà,nodo,,La fedeltà è un nodo.,La fedeltà è come un nodo.,spago,7.0,,,,4.0,61.0,95.0,2.389,3.882,3.837,3.667,4.8,5.467,0.867,1.95,4.636,Bambini et al. (2024),-5.041666666666667,-4.642857142857143,7.09375,sapienzanlp/Minerva-1B-base-v1.0,-4.979166666666667,-4.5,6.25,sapienzanlp/Minerva-350M-base-v1.0
26,film,mattone,,Il film è un mattone.,Il film è come un mattone.,casa,4.0,,,,7.0,1226.0,64.0,3.608,4.38,3.0,3.412,3.059,5.667,0.772,1.2,5.357,Bambini et al. (2024),-4.178571428571429,-4.1875,7.21875,sapienzanlp/Minerva-1B-base-v1.0,-4.071428571428571,-3.84375,6.40625,sapienzanlp/Minerva-350M-base-v1.0
27,idea,scintilla,,L'idea è una scintilla.,L'idea è come una scintilla.,fiammifero,4.0,,,,9.0,1058.0,28.0,2.486,3.428,5.133,2.133,4.667,5.267,0.688,1.85,5.545,Bambini et al. (2024),-3.84375,-3.611111111111111,6.40625,sapienzanlp/Minerva-1B-base-v1.0,-3.78125,-3.638888888888889,6.1875,sapienzanlp/Minerva-350M-base-v1.0
28,ignoranza,prigione,,L'ignoranza è una prigione.,L'ignoranza è come una prigione.,riformatorio,9.0,,,,8.0,39.0,82.0,1.894,3.89,3.4,3.0,3.667,5.2,0.789,1.667,5.118,Bambini et al. (2024),-2.9444444444444446,-3.125,7.09375,sapienzanlp/Minerva-1B-base-v1.0,-3.0555555555555554,-3.0,7.28125,sapienzanlp/Minerva-350M-base-v1.0
29,insistenza,trapano,,L'insistenza è un trapano.,L'insistenza è come un trapano.,buco,10.0,,,,7.0,34.0,9.0,2.815,4.598,5.533,1.867,5.467,5.467,0.83,1.905,5.417,Bambini et al. (2024),-4.138888888888889,-3.925,6.375,sapienzanlp/Minerva-1B-base-v1.0,-4.277777777777778,-3.775,6.46875,sapienzanlp/Minerva-350M-base-v1.0
30,intelligenza,scala,,L'intelligenza è una scala.,L'intelligenza è come una scala.,gradino,12.0,,,,5.0,107.0,217.0,2.361,3.721,4.6,3.4,2.933,5.533,0.71,1.5,3.933,Bambini et al. (2024),-4.232142857142857,-3.84375,6.8125,sapienzanlp/Minerva-1B-base-v1.0,-3.892857142857143,-3.46875,6.875,sapienzanlp/Minerva-350M-base-v1.0
31,interrogatorio,tritacarne,,L'interrogatorio è un tritacarne.,L'interrogatorio è come un tritacarne.,polpetta,14.0,,,,10.0,127.0,1.0,3.635,,2.0,4.6,3.133,6.667,0.804,1.19,4.364,Bambini et al. (2024),-3.083333333333333,-3.0,6.875,sapienzanlp/Minerva-1B-base-v1.0,-2.9166666666666665,-2.75,6.53125,sapienzanlp/Minerva-350M-base-v1.0
32,intuizione,chiave,,L'intuizione è una chiave.,L'intuizione è come una chiave.,lucchetto,10.0,,,,6.0,50.0,250.0,2.032,2.946,2.8,3.867,3.667,5.333,0.641,1.5,5.133,Bambini et al. (2024),-3.25,-3.0,6.5,sapienzanlp/Minerva-1B-base-v1.0,-3.0972222222222223,-3.05,5.84375,sapienzanlp/Minerva-350M-base-v1.0
33,istituzione,ingranaggio,,L'istituzione è un ingranaggio.,L'istituzione è come un ingranaggio.,macchina,11.0,,,,11.0,225.0,11.0,2.616,4.172,3.067,3.867,3.267,5.467,0.753,1.7,5.0,Bambini et al. (2024),-3.9444444444444446,-3.775,6.90625,sapienzanlp/Minerva-1B-base-v1.0,-4.027777777777778,-3.7,6.59375,sapienzanlp/Minerva-350M-base-v1.0
34,labbro,gommone,,Il labbro è un gommone.,Il labbro è come un gommone.,salvagente,6.0,,,,7.0,158.0,7.0,4.272,4.678,3.706,3.294,4.176,5.533,0.782,1.375,5.833,Bambini et al. (2024),-3.975,-3.5,6.625,sapienzanlp/Minerva-1B-base-v1.0,-3.575,-3.1818181818181817,6.3125,sapienzanlp/Minerva-350M-base-v1.0
35,lacrima,fontana,,La lacrima è una fontana.,La lacrima è come una fontana.,giardino,7.0,,,,7.0,176.0,40.0,4.222,4.531,4.588,2.059,5.235,5.067,0.685,1.85,6.385,Bambini et al. (2024),-4.1875,-3.8333333333333335,6.90625,sapienzanlp/Minerva-1B-base-v1.0,-4.21875,-3.861111111111111,6.8125,sapienzanlp/Minerva-350M-base-v1.0
36,libro,finestra,,Il libro è una finestra.,Il libro è come una finestra.,tapparella,5.0,,,,8.0,1004.0,287.0,3.838,4.962,3.0,3.0,3.733,4.867,0.841,2.0,5.417,Bambini et al. (2024),-5.020833333333333,-4.25,6.9375,sapienzanlp/Minerva-1B-base-v1.0,-4.5625,-3.9285714285714284,6.25,sapienzanlp/Minerva-350M-base-v1.0
37,linguaggio,ponte,,Il linguaggio è un ponte.,Il linguaggio è come un ponte.,fiume,11.0,,,,5.0,166.0,166.0,2.484,4.404,2.8,3.267,3.467,5.267,0.694,1.6,5.562,Bambini et al. (2024),-4.125,-3.982142857142857,6.78125,sapienzanlp/Minerva-1B-base-v1.0,-4.458333333333333,-4.25,6.15625,sapienzanlp/Minerva-350M-base-v1.0
38,lusinga,miele,,La lusinga è un miele.,La lusinga è come il miele.,sciroppo,7.0,,,,5.0,7.0,63.0,,4.747,3.733,3.467,3.067,6.0,0.811,1.6,5.25,Bambini et al. (2024),-4.8125,-4.083333333333333,7.0,sapienzanlp/Minerva-1B-base-v1.0,-4.59375,-3.5833333333333335,6.8125,sapienzanlp/Minerva-350M-base-v1.0
39,memoria,quaderno,,La memoria è un quaderno.,La memoria è come un quaderno.,penna,7.0,,,,8.0,313.0,18.0,3.374,4.457,4.533,2.667,4.667,3.867,0.683,2.05,5.0,Bambini et al. (2024),-4.053571428571429,-3.703125,7.125,sapienzanlp/Minerva-1B-base-v1.0,-4.107142857142857,-3.5625,6.59375,sapienzanlp/Minerva-350M-base-v1.0
40,menzogna,maschera,,La menzogna è una maschera.,La menzogna è come una maschera.,carnevale,8.0,,,,8.0,32.0,93.0,2.546,4.211,5.0,2.867,4.533,5.8,0.627,1.7,6.111,Bambini et al. (2024),-3.578125,-3.75,7.28125,sapienzanlp/Minerva-1B-base-v1.0,-3.484375,-3.3472222222222223,6.0625,sapienzanlp/Minerva-350M-base-v1.0
41,mondo,serra,,Il mondo è una serra.,Il mondo è come una serra.,pianta,5.0,,,,5.0,2193.0,38.0,3.155,3.709,3.4,2.667,3.8,4.533,0.844,1.5,4.5,Bambini et al. (2024),-4.208333333333333,-3.75,7.5,sapienzanlp/Minerva-1B-base-v1.0,-4.666666666666667,-3.857142857142857,6.0625,sapienzanlp/Minerva-350M-base-v1.0
42,motivazione,molla,,La motivazione è una molla.,La motivazione è come una molla.,materasso,11.0,,,,5.0,98.0,31.0,2.51,4.324,3.667,3.2,3.667,5.667,0.675,1.476,4.727,Bambini et al. (2024),-4.232142857142857,-3.921875,7.0625,sapienzanlp/Minerva-1B-base-v1.0,-4.214285714285714,-3.859375,5.6875,sapienzanlp/Minerva-350M-base-v1.0
43,nebbia,velo,,La nebbia è un velo.,La nebbia è come un velo.,abito,6.0,,,,4.0,98.0,102.0,3.959,4.318,5.133,1.933,5.333,3.8,0.658,1.81,5.583,Bambini et al. (2024),-4.071428571428571,-3.546875,6.6875,sapienzanlp/Minerva-1B-base-v1.0,-4.142857142857143,-3.671875,6.8125,sapienzanlp/Minerva-350M-base-v1.0
44,nuvola,perla,,La nuvola è una perla.,La nuvola è come una perla.,collana,6.0,,,,5.0,79.0,30.0,4.497,4.006,2.067,3.933,2.6,5.8,0.7,1.5,4.812,Bambini et al. (2024),-4.03125,-3.7777777777777777,6.875,sapienzanlp/Minerva-1B-base-v1.0,-3.890625,-3.638888888888889,6.8125,sapienzanlp/Minerva-350M-base-v1.0
45,orecchino,lampadario,,L'orecchino è un lampadario.,L'orecchino è come un lampadario.,soffitto,9.0,,,,10.0,24.0,7.0,4.702,5.097,2.647,3.235,4.0,4.333,0.63,1.8,5.059,Bambini et al. (2024),-3.386363636363636,-3.145833333333333,7.0,sapienzanlp/Minerva-1B-base-v1.0,-3.272727272727273,-3.1458333333333335,7.0,sapienzanlp/Minerva-350M-base-v1.0
46,orgoglio,scudo,,L'orgoglio è uno scudo.,L'orgoglio è come uno scudo.,stemma,8.0,,,,5.0,110.0,37.0,2.596,4.563,3.2,4.4,3.867,6.067,0.697,1.333,5.529,Bambini et al. (2024),-3.375,-3.275,6.9375,sapienzanlp/Minerva-1B-base-v1.0,-3.4027777777777777,-3.075,6.8125,sapienzanlp/Minerva-350M-base-v1.0
47,ossessione,chiodo,,L'ossessione è un chiodo.,L'ossessione è come un chiodo.,martello,10.0,,,,6.0,45.0,44.0,2.582,4.407,5.6,2.067,5.0,6.2,0.738,1.5,5.818,Bambini et al. (2024),-3.6944444444444446,-3.55,6.25,sapienzanlp/Minerva-1B-base-v1.0,-3.6666666666666665,-3.25,6.5,sapienzanlp/Minerva-350M-base-v1.0
48,ottimismo,batteria,,L'ottimismo è una batteria.,L'ottimismo è come una batteria.,telefono,9.0,,,,8.0,69.0,61.0,2.048,4.106,1.667,4.2,1.667,5.933,0.947,1.5,4.714,Bambini et al. (2024),-4.1875,-3.555555555555556,7.03125,sapienzanlp/Minerva-1B-base-v1.0,-3.859375,-3.5833333333333335,7.28125,sapienzanlp/Minerva-350M-base-v1.0
49,pane,spugna,,Il pane è una spugna.,Il pane è come una spugna.,straccio,4.0,,,,6.0,187.0,38.0,4.666,4.279,2.6,2.733,3.267,4.8,0.801,1.5,4.385,Bambini et al. (2024),-4.196428571428571,-3.625,7.53125,sapienzanlp/Minerva-1B-base-v1.0,-4.107142857142857,-3.5625,7.0625,sapienzanlp/Minerva-350M-base-v1.0
50,patatina,cartone,,La patatina è un cartone.,La patatina è come un cartone.,pacco,8.0,,,,7.0,7.0,64.0,4.928,4.273,3.412,2.941,4.529,3.533,0.734,1.4,4.25,Bambini et al. (2024),-5.214285714285714,-4.71875,7.4375,sapienzanlp/Minerva-1B-base-v1.0,-5.142857142857143,-4.8125,6.71875,sapienzanlp/Minerva-350M-base-v1.0
51,paura,tenaglia,,La paura è una tenaglia.,La paura è come una tenaglia.,bullone,5.0,,,,8.0,698.0,6.0,2.739,3.872,4.467,3.2,4.533,5.8,0.738,1.2,5.529,Bambini et al. (2024),-4.285714285714286,-3.75,6.8125,sapienzanlp/Minerva-1B-base-v1.0,-4.071428571428571,-3.75,6.46875,sapienzanlp/Minerva-350M-base-v1.0
52,pelle,ceramica,,La pelle è una ceramica.,La pelle è come una ceramica.,bambola,5.0,,,,8.0,425.0,50.0,4.701,4.1,4.333,2.6,4.867,5.2,0.671,1.6,4.909,Bambini et al. (2024),-5.416666666666667,-4.571428571428571,7.5,sapienzanlp/Minerva-1B-base-v1.0,-5.125,-4.017857142857143,6.5,sapienzanlp/Minerva-350M-base-v1.0
53,pianto,cascata,,Il pianto è una cascata.,Il pianto è come una cascata.,roccia,6.0,,,,7.0,35.0,25.0,3.973,4.07,4.118,2.412,4.882,5.333,0.763,1.9,5.909,Bambini et al. (2024),-4.34375,-3.513888888888889,6.1875,sapienzanlp/Minerva-1B-base-v1.0,-3.84375,-3.2777777777777777,6.125,sapienzanlp/Minerva-350M-base-v1.0
54,piede,barca,,Il piede è una barca.,Il piede è come una barca.,vela,5.0,,,,5.0,704.0,171.0,4.116,4.61,2.882,3.235,4.059,4.267,0.774,1.1,4.083,Bambini et al. (2024),-5.583333333333333,-4.25,6.84375,sapienzanlp/Minerva-1B-base-v1.0,-5.125,-4.375,6.4375,sapienzanlp/Minerva-350M-base-v1.0
55,pigiama,stufa,,Il pigiama è una stufa.,Il pigiama è come una stufa.,caldaia,7.0,,,,5.0,16.0,20.0,4.609,4.537,4.467,2.4,5.467,3.467,0.77,1.75,5.0,Bambini et al. (2024),-3.55,-3.3181818181818183,6.625,sapienzanlp/Minerva-1B-base-v1.0,-3.6,-3.25,6.96875,sapienzanlp/Minerva-350M-base-v1.0
56,poesia,violino,,La poesia è un violino.,La poesia è come un violino.,sonata,6.0,,,,7.0,153.0,35.0,2.934,4.505,3.6,3.267,3.933,4.467,0.763,1.4,4.375,Bambini et al. (2024),-4.214285714285714,-3.4375,7.125,sapienzanlp/Minerva-1B-base-v1.0,-4.25,-3.546875,6.5,sapienzanlp/Minerva-350M-base-v1.0
57,politica,giostra,,La politica è una giostra.,La politica è come una giostra.,scivolo,8.0,,,,7.0,765.0,21.0,2.57,4.212,2.667,4.6,2.933,5.733,0.677,1.6,3.917,Bambini et al. (2024),-3.946428571428572,-3.59375,7.96875,sapienzanlp/Minerva-1B-base-v1.0,-3.75,-3.46875,6.6875,sapienzanlp/Minerva-350M-base-v1.0
58,pregiudizio,benda,,Il pregiudizio è una benda.,Il pregiudizio è come una benda.,occhi,11.0,,,,5.0,64.0,8.0,2.085,4.47,4.067,2.889,4.241,5.333,0.798,1.4,5.667,Bambini et al. (2024),-4.59375,-3.8333333333333335,7.125,sapienzanlp/Minerva-1B-base-v1.0,-4.625,-3.888888888888889,6.75,sapienzanlp/Minerva-350M-base-v1.0
59,rancore,miccia,,Il rancore è una miccia.,Il rancore è come una miccia.,dinamite,7.0,,,,6.0,44.0,4.0,2.983,4.534,3.467,3.333,3.933,6.267,0.82,1.8,4.882,Bambini et al. (2024),-3.638888888888889,-3.45,6.625,sapienzanlp/Minerva-1B-base-v1.0,-3.7222222222222223,-3.575,6.6875,sapienzanlp/Minerva-350M-base-v1.0
60,regola,gabbia,,La regola è una gabbia.,La regola è come una gabbia.,sbarre,6.0,,,,6.0,513.0,54.0,2.97,4.597,2.541,3.0,2.867,5.133,0.749,1.714,4.636,Bambini et al. (2024),-4.303571428571429,-4.53125,7.0,sapienzanlp/Minerva-1B-base-v1.0,-4.607142857142857,-4.375,6.375,sapienzanlp/Minerva-350M-base-v1.0
61,rimorso,spina,,Il rimorso è una spina.,Il rimorso è come una spina.,rosa,7.0,,,,5.0,34.0,41.0,2.911,4.2,3.2,3.267,5.133,5.667,0.825,1.35,4.545,Bambini et al. (2024),-4.928571428571429,-4.15625,6.25,sapienzanlp/Minerva-1B-base-v1.0,-5.107142857142857,-4.375,6.03125,sapienzanlp/Minerva-350M-base-v1.0
62,sarcasmo,pugnale,,Il sarcasmo è un pugnale.,Il sarcasmo è come un pugnale.,spada,8.0,,,,7.0,17.0,12.0,2.817,4.447,2.733,3.6,3.267,5.867,0.672,1.5,4.938,Bambini et al. (2024),-3.925,-3.3181818181818183,7.0625,sapienzanlp/Minerva-1B-base-v1.0,-3.6,-3.25,6.59375,sapienzanlp/Minerva-350M-base-v1.0
63,sentiero,nastro,,Il sentiero è un nastro.,Il sentiero è come un nastro.,regalo,8.0,,,,6.0,67.0,84.0,4.33,4.574,2.412,3.412,3.706,4.933,0.728,1.571,4.5,Bambini et al. (2024),-5.5,-4.678571428571429,7.25,sapienzanlp/Minerva-1B-base-v1.0,-5.333333333333333,-4.892857142857143,6.875,sapienzanlp/Minerva-350M-base-v1.0
64,silenzio,muro,,Il silenzio è un muro.,Il silenzio è come un muro.,cemento,8.0,,,,4.0,381.0,343.0,3.254,4.749,4.867,3.067,4.467,5.867,0.647,1.9,5.818,Bambini et al. (2024),-4.270833333333333,-3.9642857142857135,7.53125,sapienzanlp/Minerva-1B-base-v1.0,-4.3125,-3.625,6.6875,sapienzanlp/Minerva-350M-base-v1.0
65,società,mosaico,,La società è un mosaico.,La società è come un mosaico.,arte,7.0,,,,7.0,1078.0,38.0,3.178,3.97,3.467,4.067,3.333,5.8,0.868,1.6,5.062,Bambini et al. (2024),-4.392857142857143,-3.890625,7.875,sapienzanlp/Minerva-1B-base-v1.0,-4.392857142857143,-3.828125,6.84375,sapienzanlp/Minerva-350M-base-v1.0
66,solitudine,guscio,,La solitudine è un guscio.,La solitudine è come un guscio.,uovo,10.0,,,,6.0,176.0,17.0,2.86,4.638,4.267,3.2,4.533,6.333,0.747,1.1,5.111,Bambini et al. (2024),-4.107142857142857,-3.46875,6.875,sapienzanlp/Minerva-1B-base-v1.0,-4.5,-3.953125,6.5625,sapienzanlp/Minerva-350M-base-v1.0
67,sorriso,sole,,Il sorriso è un sole.,Il sorriso è come un sole.,raggi,7.0,,,,4.0,309.0,485.0,3.849,3.999,4.067,2.667,3.533,4.733,0.615,2.048,5.769,Bambini et al. (2024),-4.9375,-4.142857142857143,7.125,sapienzanlp/Minerva-1B-base-v1.0,-5.5,-4.303571428571429,6.125,sapienzanlp/Minerva-350M-base-v1.0
68,spaghetto,colla,,Lo spaghetto è una colla.,Lo spaghetto è come una colla.,forbice,9.0,,,,5.0,36.0,12.0,4.266,4.241,3.2,2.8,4.067,4.733,0.753,1.2,4.267,Bambini et al. (2024),-4.25,-4.0,6.53125,sapienzanlp/Minerva-1B-base-v1.0,-4.25,-4.111111111111111,7.4375,sapienzanlp/Minerva-350M-base-v1.0
69,speranza,faro,,La speranza è un faro.,La speranza è come un faro.,luce,8.0,,,,4.0,480.0,39.0,2.595,4.09,5.0,2.4,4.333,5.333,0.695,2.143,5.833,Bambini et al. (2024),-3.857142857142857,-3.5,6.90625,sapienzanlp/Minerva-1B-base-v1.0,-3.9107142857142856,-3.703125,6.78125,sapienzanlp/Minerva-350M-base-v1.0
70,storia,ruota,,La storia è una ruota.,La storia è come una ruota.,carro,6.0,,,,5.0,1662.0,160.0,2.963,4.416,4.0,3.933,3.467,6.067,0.631,1.619,5.0,Bambini et al. (2024),-4.270833333333333,-3.8392857142857135,6.875,sapienzanlp/Minerva-1B-base-v1.0,-4.4375,-4.214285714285714,6.375,sapienzanlp/Minerva-350M-base-v1.0
71,strada,groviera,,La strada è una groviera.,La strada è come una groviera.,parmigiano,6.0,,,,8.0,1293.0,,4.595,,2.235,3.471,3.588,5.667,0.818,1.333,4.5,Bambini et al. (2024),-3.71875,-3.555555555555556,6.8125,sapienzanlp/Minerva-1B-base-v1.0,-3.625,-4.027777777777778,6.6875,sapienzanlp/Minerva-350M-base-v1.0
72,stress,bomba,,Lo stress è una bomba.,Lo stress è come una bomba.,mina,6.0,,,,5.0,81.0,210.0,3.088,4.606,3.867,3.267,3.6,5.6,0.862,1.8,4.818,Bambini et al. (2024),-4.729166666666667,-3.982142857142857,7.125,sapienzanlp/Minerva-1B-base-v1.0,-4.625,-4.107142857142857,6.8125,sapienzanlp/Minerva-350M-base-v1.0
73,svago,oasi,,Lo svago è un'oasi.,Lo svago è come un'oasi.,palma,5.0,,,,4.0,28.0,24.0,3.178,3.416,4.067,2.267,4.333,4.8,0.646,1.1,4.375,Bambini et al. (2024),-3.7222222222222223,-3.575,7.15625,sapienzanlp/Minerva-1B-base-v1.0,-3.9444444444444446,-3.675,6.9375,sapienzanlp/Minerva-350M-base-v1.0
74,tacco,trampolo,,Il tacco è un trampolo.,Il tacco è come un trampolo.,circo,5.0,,,,8.0,41.0,1.0,4.2,,5.133,1.867,5.0,3.8,0.547,1.9,5.583,Bambini et al. (2024),-3.75,-4.025,7.0625,sapienzanlp/Minerva-1B-base-v1.0,-4.638888888888889,-4.2,6.9375,sapienzanlp/Minerva-350M-base-v1.0
75,talento,diamante,,Il talento è un diamante.,Il talento è come un diamante.,diadema,7.0,,,,8.0,141.0,30.0,3.057,4.213,3.933,3.2,3.733,6.267,0.62,2.1,5.471,Bambini et al. (2024),-3.9642857142857135,-3.484375,7.25,sapienzanlp/Minerva-1B-base-v1.0,-4.0,-3.34375,6.03125,sapienzanlp/Minerva-350M-base-v1.0
76,tempo,torrente,,Il tempo è un torrente.,Il tempo è come un torrente.,ghiaia,5.0,,,,8.0,3598.0,33.0,2.914,4.344,4.467,2.6,5.2,5.467,0.805,1.45,5.455,Bambini et al. (2024),-4.553571428571429,-3.609375,6.875,sapienzanlp/Minerva-1B-base-v1.0,-4.017857142857143,-3.578125,6.65625,sapienzanlp/Minerva-350M-base-v1.0
77,tradimento,ferita,,Il tradimento è una ferita.,Il tradimento è come una ferita.,cerotto,10.0,,,,6.0,91.0,92.0,3.093,4.093,5.333,1.933,4.667,5.467,0.738,1.5,6.0,Bambini et al. (2024),-3.5357142857142856,-3.578125,6.875,sapienzanlp/Minerva-1B-base-v1.0,-3.5714285714285716,-3.421875,5.875,sapienzanlp/Minerva-350M-base-v1.0
78,tramonto,fuoco,,Il tramonto è un fuoco.,Il tramonto è come un fuoco.,cenere,8.0,,,,5.0,68.0,609.0,3.857,4.179,4.176,1.941,5.176,5.067,0.687,1.333,5.882,Bambini et al. (2024),-4.9375,-4.482142857142857,6.9375,sapienzanlp/Minerva-1B-base-v1.0,-5.0,-4.5,6.5625,sapienzanlp/Minerva-350M-base-v1.0
79,umiliazione,tatuaggio,,L'umiliazione è un tatuaggio.,L'umiliazione è come un tatuaggio.,disegno,11.0,,,,9.0,29.0,22.0,2.844,4.512,1.4,3.8,2.2,6.0,0.73,1.095,4.6,Bambini et al. (2024),-3.7777777777777777,-3.45,7.09375,sapienzanlp/Minerva-1B-base-v1.0,-3.4305555555555554,-3.0625,6.875,sapienzanlp/Minerva-350M-base-v1.0
80,vaccino,ombrello,,Il vaccino è un ombrello.,Il vaccino è come un ombrello.,pioggia,7.0,,,,8.0,9.0,31.0,4.112,4.649,3.467,3.581,2.53,5.333,0.831,1.368,5.222,Bambini et al. (2024),-4.75,-3.703125,7.46875,sapienzanlp/Minerva-1B-base-v1.0,-4.428571428571429,-3.921875,6.75,sapienzanlp/Minerva-350M-base-v1.0
81,verità,torcia,,La verità è una torcia.,La verità è come una torcia.,grotta,6.0,,,,6.0,519.0,21.0,2.504,4.651,3.4,3.2,3.267,5.2,0.758,1.5,5.235,Bambini et al. (2024),-4.375,-3.90625,7.03125,sapienzanlp/Minerva-1B-base-v1.0,-4.428571428571429,-3.6875,6.5,sapienzanlp/Minerva-350M-base-v1.0
82,vino,rubino,,Il vino è un rubino.,Il vino è come un rubino.,gioiello,4.0,,,,6.0,283.0,7.0,4.204,4.161,2.765,3.647,3.765,4.933,0.574,1.556,5.647,Bambini et al. (2024),-4.25,-4.03125,6.90625,sapienzanlp/Minerva-1B-base-v1.0,-4.285714285714286,-3.5625,7.375,sapienzanlp/Minerva-350M-base-v1.0
83,vita,altalena,,La vita è un'altalena.,La vita è come un'altalena.,parco,4.0,,,,8.0,2829.0,17.0,2.883,4.312,5.333,2.133,4.067,5.133,0.777,1.7,4.917,Bambini et al. (2024),-2.611111111111111,-2.4375,7.0,sapienzanlp/Minerva-1B-base-v1.0,-2.736111111111111,-2.475,6.3125,sapienzanlp/Minerva-350M-base-v1.0
84,azienda,organismo,A business is a living organism.,Un'azienda è un organismo vivente.,Un'azienda è come un organismo vivente.,,,1.79,3.76,High,,,,,,,,,,,,,Jones and Estes (2006),-3.111111111111111,-3.0125,7.3125,sapienzanlp/Minerva-1B-base-v1.0,-3.1944444444444446,-3.075,6.6875,sapienzanlp/Minerva-350M-base-v1.0
85,cucina,organismo,A kitchen is a living organism.,Una cucina è un organismo vivente.,Una cucina è come un organismo vivente.,,,1.79,2.85,Low,,,,,,,,,,,,,Jones and Estes (2006),-3.921875,-3.638888888888889,7.375,sapienzanlp/Minerva-1B-base-v1.0,-3.75,-3.4583333333333335,6.5,sapienzanlp/Minerva-350M-base-v1.0
86,portiere,ragno,A goalie is a spider.,Un portiere è un ragno.,Un portiere è come un ragno.,,,1.82,3.27,High,,,,,,,,,,,,,Jones and Estes (2006),-5.035714285714286,-4.5,6.75,sapienzanlp/Minerva-1B-base-v1.0,-4.571428571428571,-4.03125,6.59375,sapienzanlp/Minerva-350M-base-v1.0
87,pescatore,ragno,A fisherman is a spider.,Un pescatore è un ragno.,Un pescatore è come un ragno.,,,1.82,1.76,Low,,,,,,,,,,,,,Jones and Estes (2006),-4.3125,-4.333333333333333,6.21875,sapienzanlp/Minerva-1B-base-v1.0,-4.3125,-4.0,6.5625,sapienzanlp/Minerva-350M-base-v1.0
88,macchina,barca,His old car is a boat.,La sua vecchia macchina è una barca.,La sua vecchia macchina è come una barca.,,,2.42,3.21,High,,,,,,,,,,,,,Jones and Estes (2006),-5.3125,-4.972222222222222,6.46875,sapienzanlp/Minerva-1B-base-v1.0,-5.09375,-4.888888888888889,6.78125,sapienzanlp/Minerva-350M-base-v1.0
89,tosaerba,barca,His old lawn mower is a boat.,Il suo vecchio tosaerba è una barca.,Il suo vecchio tosaerba è come una barca.,,,2.42,2.61,Low,,,,,,,,,,,,,Jones and Estes (2006),-4.725,-4.386363636363637,6.4375,sapienzanlp/Minerva-1B-base-v1.0,-4.825,-4.545454545454546,7.1875,sapienzanlp/Minerva-350M-base-v1.0
90,castori,boscaioli,Beavers are lumberjacks.,I castori sono boscaioli.,I castori sono come boscaioli.,,,2.58,5.24,High,,,,,,,,,,,,,Jones and Estes (2006),-3.7222222222222223,-4.15,7.25,sapienzanlp/Minerva-1B-base-v1.0,-4.222222222222222,-3.875,6.5625,sapienzanlp/Minerva-350M-base-v1.0
91,termiti,boscaioli,Termites are lumberjacks.,Le termiti sono boscaioli.,Le termiti sono come boscaioli.,,,2.58,4.18,Low,,,,,,,,,,,,,Jones and Estes (2006),-4.083333333333333,-4.15,7.0,sapienzanlp/Minerva-1B-base-v1.0,-4.25,-4.075,6.96875,sapienzanlp/Minerva-350M-base-v1.0
92,stomaci,botti,Some stomachs are barrels.,Alcuni stomaci sono botti.,Alcuni stomaci sono come botti.,,,2.64,4.7,High,,,,,,,,,,,,,Jones and Estes (2006),-7.5,-6.25,7.25,sapienzanlp/Minerva-1B-base-v1.0,-7.208333333333333,-6.535714285714286,6.6875,sapienzanlp/Minerva-350M-base-v1.0
93,vesciche,botti,Some bladders are barrels.,Alcune vesciche sono botti.,Alcune vesciche sono come botti.,,,2.64,3.59,Low,,,,,,,,,,,,,Jones and Estes (2006),-7.0,-6.375,6.9375,sapienzanlp/Minerva-1B-base-v1.0,-6.464285714285714,-5.84375,6.875,sapienzanlp/Minerva-350M-base-v1.0
94,lezioni,sonniferi,Some lectures are sleeping pills.,Alcune lezioni sono sonniferi.,Alcune lezioni sono come sonniferi.,,,2.67,6.09,High,,,,,,,,,,,,,Jones and Estes (2006),-6.142857142857143,-5.46875,6.5625,sapienzanlp/Minerva-1B-base-v1.0,-5.892857142857143,-5.15625,6.46875,sapienzanlp/Minerva-350M-base-v1.0
95,comici,sonniferi,Some comedians are sleeping pills.,Alcuni comici sono sonniferi.,Alcuni comici sono come sonniferi.,,,2.67,3.31,Low,,,,,,,,,,,,,Jones and Estes (2006),-5.40625,-4.861111111111111,6.375,sapienzanlp/Minerva-1B-base-v1.0,-4.6875,-4.527777777777778,6.25,sapienzanlp/Minerva-350M-base-v1.0
96,ricerca,alpinismo,Research is mountain climbing.,La ricerca è l'alpinismo.,La ricerca è come l'alpinismo.,,,2.97,4.27,High,,,,,,,,,,,,,Jones and Estes (2006),-4.083333333333333,-3.625,7.1875,sapienzanlp/Minerva-1B-base-v1.0,-3.9166666666666665,-3.8,7.375,sapienzanlp/Minerva-350M-base-v1.0
97,valutazione,alpinismo,Grading is mountain climbing.,La valutazione è l'alpinismo.,La valutazione è come l'alpinismo.,,,2.97,2.9,Low,,,,,,,,,,,,,Jones and Estes (2006),-4.666666666666667,-3.825,6.625,sapienzanlp/Minerva-1B-base-v1.0,-4.055555555555555,-3.8,6.78125,sapienzanlp/Minerva-350M-base-v1.0
98,sguardo,ghiaccio,Her unflinching gaze is ice.,Il suo sguardo impassibile è ghiaccio.,Il suo sguardo impassibile è come ghiaccio.,,,3.0,4.48,High,,,,,,,,,,,,,Jones and Estes (2006),-4.916666666666667,-4.45,6.59375,sapienzanlp/Minerva-1B-base-v1.0,-4.361111111111111,-4.3,6.28125,sapienzanlp/Minerva-350M-base-v1.0
99,cenno,ghiaccio,Her quick nod is ice.,Il suo rapido cenno è ghiaccio.,Il suo rapido cenno è come ghiaccio.,,,3.0,3.61,Low,,,,,,,,,,,,,Jones and Estes (2006),-6.34375,-5.888888888888889,6.65625,sapienzanlp/Minerva-1B-base-v1.0,-6.0625,-6.166666666666667,6.5625,sapienzanlp/Minerva-350M-base-v1.0
100,madre,mulo,Her mother is a mule.,Sua madre è un mulo.,Sua madre è come un mulo.,,,3.0,3.17,High,,,,,,,,,,,,,Jones and Estes (2006),-4.232142857142857,-4.1875,7.03125,sapienzanlp/Minerva-1B-base-v1.0,-5.178571428571429,-5.0625,6.8125,sapienzanlp/Minerva-350M-base-v1.0
101,parrucchiere,mulo,Her hairdresser is a mule.,Il suo parrucchiere è un mulo.,Il suo parrucchiere è come un mulo.,,,3.0,2.03,Low,,,,,,,,,,,,,Jones and Estes (2006),-3.85,-3.977272727272727,6.375,sapienzanlp/Minerva-1B-base-v1.0,-3.8,-3.5681818181818183,7.0,sapienzanlp/Minerva-350M-base-v1.0
102,insulti,rasoi,Insults are razors.,Gli insulti sono rasoi.,Gli insulti sono come rasoi.,,,3.18,5.41,High,,,,,,,,,,,,,Jones and Estes (2006),-4.65625,-4.305555555555555,7.1875,sapienzanlp/Minerva-1B-base-v1.0,-4.4375,-3.8333333333333335,7.0625,sapienzanlp/Minerva-350M-base-v1.0
103,valutazioni,rasoi,Evaluations are razors.,Le valutazioni sono rasoi.,Le valutazioni sono come rasoi.,,,3.18,3.52,Low,,,,,,,,,,,,,Jones and Estes (2006),-5.785714285714286,-5.25,6.75,sapienzanlp/Minerva-1B-base-v1.0,-6.0,-4.96875,7.125,sapienzanlp/Minerva-350M-base-v1.0
104,fumo,bomba,Smoking is a time bomb.,Il fumo è una bomba a orologeria.,Il fumo è come una bomba a orologeria.,,,3.18,5.24,High,,,,,,,,,,,,,Jones and Estes (2006),-2.85,-2.840909090909091,7.125,sapienzanlp/Minerva-1B-base-v1.0,-2.7875,-2.715909090909091,6.4375,sapienzanlp/Minerva-350M-base-v1.0
105,cocaina,bomba,Cocaine is a time bomb.,La cocaina è una bomba a orologeria.,La cocaina è come una bomba a orologeria.,,,3.18,4.66,Low,,,,,,,,,,,,,Jones and Estes (2006),-2.7954545454545454,-2.6875,6.875,sapienzanlp/Minerva-1B-base-v1.0,-2.784090909090909,-2.75,6.5,sapienzanlp/Minerva-350M-base-v1.0
106,istruzione,lanterna,Education is a lantern.,L'istruzione è una lanterna.,L'istruzione è come una lanterna.,,,3.21,5.17,High,,,,,,,,,,,,,Jones and Estes (2006),-3.611111111111111,-3.275,7.03125,sapienzanlp/Minerva-1B-base-v1.0,-4.055555555555555,-3.35,7.21875,sapienzanlp/Minerva-350M-base-v1.0
107,dibattito,lanterna,Debate is a lantern.,Il dibattito è una lanterna.,Il dibattito è come una lanterna.,,,3.21,3.18,Low,,,,,,,,,,,,,Jones and Estes (2006),-4.3125,-4.083333333333333,6.78125,sapienzanlp/Minerva-1B-base-v1.0,-4.5,-3.8055555555555554,6.0625,sapienzanlp/Minerva-350M-base-v1.0
108,marito,gioiello,Her husband is a gem.,Suo marito è un gioiello.,Suo marito è come un gioiello.,,,3.45,4.97,High,,,,,,,,,,,,,Jones and Estes (2006),-5.270833333333333,-5.0,7.1875,sapienzanlp/Minerva-1B-base-v1.0,-5.416666666666667,-4.964285714285714,6.125,sapienzanlp/Minerva-350M-base-v1.0
109,ex marito,gioiello,Her ex-husband is a gem.,Il suo ex marito è un gioiello.,Il suo ex marito è come un gioiello.,,,3.45,3.64,Low,,,,,,,,,,,,,Jones and Estes (2006),-4.875,-4.611111111111111,6.78125,sapienzanlp/Minerva-1B-base-v1.0,-4.84375,-4.416666666666667,6.1875,sapienzanlp/Minerva-350M-base-v1.0
110,gallo,sveglia,A rooster is an alarm clock.,Un gallo è una sveglia.,Un gallo è come una sveglia.,,,3.48,5.52,High,,,,,,,,,,,,,Jones and Estes (2006),-5.321428571428571,-5.46875,6.15625,sapienzanlp/Minerva-1B-base-v1.0,-5.5,-4.9375,6.75,sapienzanlp/Minerva-350M-base-v1.0
111,pettirosso,sveglia,A robin is an alarm clock.,Un pettirosso è una sveglia.,Un pettirosso è come una sveglia.,,,3.48,3.88,Low,,,,,,,,,,,,,Jones and Estes (2006),-4.59375,-4.25,6.0,sapienzanlp/Minerva-1B-base-v1.0,-4.8125,-4.25,6.84375,sapienzanlp/Minerva-350M-base-v1.0
112,corso di informatica,barzelletta,My computer skills course is a joke.,Il mio corso di informatica è una barzelletta.,Il mio corso di informatica è come una barzelletta.,,,3.52,5.48,High,,,,,,,,,,,,,Jones and Estes (2006),-3.4166666666666665,-3.3076923076923075,6.5625,sapienzanlp/Minerva-1B-base-v1.0,-3.3541666666666665,-3.3076923076923075,6.25,sapienzanlp/Minerva-350M-base-v1.0
113,corso di chimica organica,barzelletta,My organic chemistry course is a joke.,Il mio corso di chimica organica è una barzelletta.,Il mio corso di chimica organica è come una barzelletta.,,,3.52,4.31,Low,,,,,,,,,,,,,Jones and Estes (2006),-3.267857142857143,-3.1666666666666665,6.5625,sapienzanlp/Minerva-1B-base-v1.0,-3.1964285714285716,-3.1666666666666665,7.03125,sapienzanlp/Minerva-350M-base-v1.0
114,mente,arena,The mind is an arena.,La mente è un'arena.,La mente è come un'arena.,,,3.55,4.72,High,,,,,,,,,,,,,Jones and Estes (2006),-3.578125,-3.25,7.25,sapienzanlp/Minerva-1B-base-v1.0,-3.421875,-3.3333333333333335,6.4375,sapienzanlp/Minerva-350M-base-v1.0
115,subconscio,arena,The subconscious is an arena.,Il subconscio è un'arena.,Il subconscio è come un'arena.,,,3.55,4.03,Low,,,,,,,,,,,,,Jones and Estes (2006),-3.525,-3.1818181818181817,6.6875,sapienzanlp/Minerva-1B-base-v1.0,-3.55,-3.2954545454545454,6.1875,sapienzanlp/Minerva-350M-base-v1.0
116,negozi,giungle,Many stores are jungles.,Molti negozi sono giungle.,Molti negozi sono come giungle.,,,3.55,4.36,High,,,,,,,,,,,,,Jones and Estes (2006),-6.791666666666667,-5.75,7.1875,sapienzanlp/Minerva-1B-base-v1.0,-6.75,-6.178571428571429,6.96875,sapienzanlp/Minerva-350M-base-v1.0
117,spiagge,giungle,Many beaches are jungles.,Molte spiagge sono giungle.,Molte spiagge sono come giungle.,,,3.55,2.24,Low,,,,,,,,,,,,,Jones and Estes (2006),-6.541666666666667,-5.321428571428571,7.46875,sapienzanlp/Minerva-1B-base-v1.0,-6.625,-5.821428571428571,6.8125,sapienzanlp/Minerva-350M-base-v1.0
118,classe dell'asilo,zoo,His kindergarten class is a zoo.,La sua classe dell'asilo è uno zoo.,La sua classe dell'asilo è come uno zoo.,,,3.58,5.69,High,,,,,,,,,,,,,Jones and Estes (2006),-4.354166666666667,-4.115384615384615,6.25,sapienzanlp/Minerva-1B-base-v1.0,-4.020833333333333,-3.8846153846153846,6.25,sapienzanlp/Minerva-350M-base-v1.0
119,classe universitaria,zoo,His college class is a zoo.,La sua classe universitaria è uno zoo.,La sua classe universitaria è come uno zoo.,,,3.58,4.64,Low,,,,,,,,,,,,,Jones and Estes (2006),-4.55,-4.318181818181818,6.8125,sapienzanlp/Minerva-1B-base-v1.0,-4.425,-4.045454545454546,6.9375,sapienzanlp/Minerva-350M-base-v1.0
120,vialetto,pista di pattinaggio,The driveway is an ice rink.,Il vialetto è una pista di pattinaggio.,Il vialetto è come una pista di pattinaggio.,,,3.64,4.0,High,,,,,,,,,,,,,Jones and Estes (2006),-3.0,-2.75,6.9375,sapienzanlp/Minerva-1B-base-v1.0,-3.0416666666666665,-2.7884615384615383,7.5625,sapienzanlp/Minerva-350M-base-v1.0
121,prato,pista di pattinaggio,The front lawn is an ice rink.,Il prato davanti casa è una pista di pattinaggio.,Il prato davanti casa è come una pista di pattinaggio.,,,3.64,2.86,Low,,,,,,,,,,,,,Jones and Estes (2006),-3.230769230769231,-2.982142857142857,6.3125,sapienzanlp/Minerva-1B-base-v1.0,-3.1538461538461537,-2.9285714285714284,6.84375,sapienzanlp/Minerva-350M-base-v1.0
122,esame finale di geografia,impresa,Her final exam in Geography was a bear.,Il suo esame finale di geografia era un'impresa.,Il suo esame finale di geografia era come un'impresa.,,,3.73,3.41,High,,,,,,,,,,,,,Jones and Estes (2006),-4.5625,-4.519230769230769,6.3125,sapienzanlp/Minerva-1B-base-v1.0,-4.333333333333333,-4.4423076923076925,6.3125,sapienzanlp/Minerva-350M-base-v1.0
123,estati libere,impresa,Having summers off was a bear.,Avere le estati libere era un'impresa.,Avere le estati libere era come un'impresa.,,,3.73,2.12,Low,,,,,,,,,,,,,Jones and Estes (2006),-4.25,-4.3125,6.25,sapienzanlp/Minerva-1B-base-v1.0,-4.431818181818182,-4.666666666666667,6.25,sapienzanlp/Minerva-350M-base-v1.0
124,bugia,pugnale,A lie is a dagger.,Una bugia è un pugnale.,Una bugia è come un pugnale.,,,3.73,5.69,High,,,,,,,,,,,,,Jones and Estes (2006),-3.8333333333333335,-3.25,7.03125,sapienzanlp/Minerva-1B-base-v1.0,-3.638888888888889,-3.45,6.28125,sapienzanlp/Minerva-350M-base-v1.0
125,desiderio,pugnale,A wish is a dagger.,Un desiderio è un pugnale.,Un desiderio è come un pugnale.,,,3.73,2.48,Low,,,,,,,,,,,,,Jones and Estes (2006),-4.21875,-3.861111111111111,6.8125,sapienzanlp/Minerva-1B-base-v1.0,-4.53125,-4.083333333333333,6.75,sapienzanlp/Minerva-350M-base-v1.0
126,brutta notizia,terremoto,The bad news was an earthquake.,La brutta notizia è stata un terremoto.,La brutta notizia è stata come un terremoto.,,,3.85,4.79,High,,,,,,,,,,,,,Jones and Estes (2006),-4.5,-4.027777777777778,6.84375,sapienzanlp/Minerva-1B-base-v1.0,-4.03125,-4.138888888888889,6.5,sapienzanlp/Minerva-350M-base-v1.0
127,buona notizia,terremoto,The good news was an earthquake.,La buona notizia è stata un terremoto.,La buona notizia è stata come un terremoto.,,,3.85,2.0,Low,,,,,,,,,,,,,Jones and Estes (2006),-4.59375,-4.055555555555555,6.96875,sapienzanlp/Minerva-1B-base-v1.0,-4.03125,-4.083333333333333,6.375,sapienzanlp/Minerva-350M-base-v1.0
128,zoo,museo,A zoo is a museum.,Uno zoo è un museo.,Uno zoo è come un museo.,,,3.94,4.14,High,,,,,,,,,,,,,Jones and Estes (2006),-3.946428571428572,-3.96875,8.0,sapienzanlp/Minerva-1B-base-v1.0,-3.7142857142857144,-3.5,6.6875,sapienzanlp/Minerva-350M-base-v1.0
129,conferenza,museo,A conference is a museum.,Una conferenza è un museo.,Una conferenza è come un museo.,,,3.94,2.48,Low,,,,,,,,,,,,,Jones and Estes (2006),-5.708333333333333,-5.035714285714286,7.40625,sapienzanlp/Minerva-1B-base-v1.0,-5.625,-4.714285714285714,6.1875,sapienzanlp/Minerva-350M-base-v1.0
130,avventura,montagna russa,Adventure is a roller coaster.,L'avventura è una montagna russa.,L'avventura è come una montagna russa.,,,3.97,5.66,High,,,,,,,,,,,,,Jones and Estes (2006),-3.65625,-3.4722222222222223,6.65625,sapienzanlp/Minerva-1B-base-v1.0,-3.8125,-3.4305555555555554,6.9375,sapienzanlp/Minerva-350M-base-v1.0
131,viaggiare,montagna russa,Traveling is a roller coaster.,Viaggiare è una montagna russa.,Viaggiare è come una montagna russa.,,,3.97,4.79,Low,,,,,,,,,,,,,Jones and Estes (2006),-4.357142857142857,-3.671875,6.875,sapienzanlp/Minerva-1B-base-v1.0,-4.321428571428571,-3.609375,6.65625,sapienzanlp/Minerva-350M-base-v1.0
132,impronta digitale,ritratto,That criminal's fingerprint is a portrait.,L'impronta digitale di quel criminale è un ritratto.,L'impronta digitale di quel criminale è come un ritratto.,,,4.03,4.85,High,,,,,,,,,,,,,Jones and Estes (2006),-4.3125,-4.230769230769231,7.125,sapienzanlp/Minerva-1B-base-v1.0,-4.125,-3.9423076923076925,6.25,sapienzanlp/Minerva-350M-base-v1.0
133,percorso,ritratto,That criminal's pathway is a portrait.,Il percorso di quel criminale è un ritratto.,Il percorso di quel criminale è come un ritratto.,,,4.03,2.79,Low,,,,,,,,,,,,,Jones and Estes (2006),-5.583333333333333,-5.125,6.75,sapienzanlp/Minerva-1B-base-v1.0,-5.694444444444445,-5.4,6.40625,sapienzanlp/Minerva-350M-base-v1.0
134,insegnanti,enciclopedie,Some teachers are encyclopedias.,Alcuni insegnanti sono enciclopedie.,Alcuni insegnanti sono come enciclopedie.,,,4.09,5.64,High,,,,,,,,,,,,,Jones and Estes (2006),-5.125,-4.777777777777778,7.5,sapienzanlp/Minerva-1B-base-v1.0,-5.21875,-4.75,7.03125,sapienzanlp/Minerva-350M-base-v1.0
135,allenatori,enciclopedie,Some coaches are encyclopedias.,Alcuni allenatori sono enciclopedie.,Alcuni allenatori sono come enciclopedie.,,,4.09,3.31,Low,,,,,,,,,,,,,Jones and Estes (2006),-4.638888888888889,-4.45,7.375,sapienzanlp/Minerva-1B-base-v1.0,-4.777777777777778,-4.45,6.5625,sapienzanlp/Minerva-350M-base-v1.0
136,nonna,pesca,My grandmother is a peach.,Mia nonna è una pesca.,Mia nonna è come una pesca.,,,4.09,4.82,High,,,,,,,,,,,,,Jones and Estes (2006),-5.375,-4.821428571428571,7.25,sapienzanlp/Minerva-1B-base-v1.0,-6.291666666666667,-5.571428571428571,6.0,sapienzanlp/Minerva-350M-base-v1.0
137,ragazzo,pesca,My boyfriend is a peach.,Il mio ragazzo è una pesca.,Il mio ragazzo è come una pesca.,,,4.09,3.41,Low,,,,,,,,,,,,,Jones and Estes (2006),-4.642857142857143,-4.1875,5.90625,sapienzanlp/Minerva-1B-base-v1.0,-4.964285714285714,-4.53125,6.0625,sapienzanlp/Minerva-350M-base-v1.0
138,peperoncini jalapeño,fuoco,Jalapeño peppers are fire.,I peperoncini jalapeño sono fuoco.,I peperoncini jalapeño sono come fuoco.,,,4.12,5.03,High,,,,,,,,,,,,,Jones and Estes (2006),-4.0,-3.8541666666666665,7.03125,sapienzanlp/Minerva-1B-base-v1.0,-4.295454545454546,-3.8958333333333335,7.5625,sapienzanlp/Minerva-350M-base-v1.0
139,peperoni,fuoco,Bell peppers are fire.,I peperoni sono fuoco.,I peperoni sono come fuoco.,,,4.12,3.97,Low,,,,,,,,,,,,,Jones and Estes (2006),-6.291666666666667,-5.607142857142857,7.25,sapienzanlp/Minerva-1B-base-v1.0,-5.583333333333333,-4.964285714285714,7.375,sapienzanlp/Minerva-350M-base-v1.0
140,divorzi,tempeste,Some divorces are storms.,Alcuni divorzi sono tempeste.,Alcuni divorzi sono come tempeste.,,,4.12,5.7,High,,,,,,,,,,,,,Jones and Estes (2006),-6.035714285714286,-5.34375,6.5,sapienzanlp/Minerva-1B-base-v1.0,-5.642857142857143,-5.5,6.25,sapienzanlp/Minerva-350M-base-v1.0
141,adozioni,tempeste,Some adoptions are storms.,Alcune adozioni sono tempeste.,Alcune adozioni sono come tempeste.,,,4.12,2.59,Low,,,,,,,,,,,,,Jones and Estes (2006),-5.392857142857143,-5.21875,6.6875,sapienzanlp/Minerva-1B-base-v1.0,-5.785714285714286,-5.625,6.78125,sapienzanlp/Minerva-350M-base-v1.0
142,sarcasmo,velo,Sarcasm is a veil.,Il sarcasmo è un velo.,Il sarcasmo è come un velo.,,,4.15,4.67,High,,,,,,,,,,,,,Jones and Estes (2006),-4.4375,-3.9166666666666665,7.375,sapienzanlp/Minerva-1B-base-v1.0,-4.5,-3.9722222222222223,6.53125,sapienzanlp/Minerva-350M-base-v1.0
143,ostilità,velo,Hostility is a veil.,L'ostilità è un velo.,L'ostilità è come un velo.,,,4.15,3.79,Low,,,,,,,,,,,,,Jones and Estes (2006),-4.375,-3.861111111111111,7.15625,sapienzanlp/Minerva-1B-base-v1.0,-4.125,-3.75,7.5,sapienzanlp/Minerva-350M-base-v1.0
144,musica,medicina,Music can be medicine.,La musica è una medicina.,La musica è come una medicina.,,,4.18,6.18,High,,,,,,,,,,,,,Jones and Estes (2006),-3.6666666666666665,-3.3035714285714284,7.34375,sapienzanlp/Minerva-1B-base-v1.0,-3.8333333333333335,-3.5,5.90625,sapienzanlp/Minerva-350M-base-v1.0
145,reality show,medicina,Reality TV can be medicine.,I reality show sono una medicina.,I reality show sono come una medicina.,,,4.18,2.69,Low,,,,,,,,,,,,,Jones and Estes (2006),-4.964285714285714,-4.5,7.125,sapienzanlp/Minerva-1B-base-v1.0,-5.142857142857143,-4.34375,5.9375,sapienzanlp/Minerva-350M-base-v1.0
146,modella,acciuga,That fashion model is a rail.,Quella modella è un'acciuga.,Quella modella è come un'acciuga.,,,4.21,5.3,High,,,,,,,,,,,,,Jones and Estes (2006),-4.472222222222222,-4.275,7.09375,sapienzanlp/Minerva-1B-base-v1.0,-4.333333333333333,-4.15,6.71875,sapienzanlp/Minerva-350M-base-v1.0
147,calciatore,acciuga,That football player is a rail.,Quel calciatore è un'acciuga.,Quel calciatore è come un'acciuga.,,,4.21,2.28,Low,,,,,,,,,,,,,Jones and Estes (2006),-5.15625,-4.777777777777778,7.875,sapienzanlp/Minerva-1B-base-v1.0,-5.3125,-4.75,6.6875,sapienzanlp/Minerva-350M-base-v1.0
148,alcol,stampella,Alcohol is a crutch.,L'alcol è una stampella.,L'alcol è come una stampella.,,,4.36,4.52,High,,,,,,,,,,,,,Jones and Estes (2006),-4.28125,-3.75,6.8125,sapienzanlp/Minerva-1B-base-v1.0,-4.15625,-3.6666666666666665,6.9375,sapienzanlp/Minerva-350M-base-v1.0
149,pizza,stampella,Pizza is a crutch.,La pizza è una stampella.,La pizza è come una stampella.,,,4.36,2.33,Low,,,,,,,,,,,,,Jones and Estes (2006),-5.25,-4.3125,7.15625,sapienzanlp/Minerva-1B-base-v1.0,-4.714285714285714,-3.796875,6.875,sapienzanlp/Minerva-350M-base-v1.0
150,ballerini,farfalle,Dancers can be butterflies.,I ballerini sono farfalle.,I ballerini sono come farfalle.,,,4.39,4.66,High,,,,,,,,,,,,,Jones and Estes (2006),-4.375,-3.9444444444444446,6.5,sapienzanlp/Minerva-1B-base-v1.0,-4.125,-4.0,6.75,sapienzanlp/Minerva-350M-base-v1.0
151,calciatori,farfalle,Soccer players can be butterflies.,I calciatori sono farfalle.,I calciatori sono come farfalle.,,,4.39,2.64,Low,,,,,,,,,,,,,Jones and Estes (2006),-4.678571428571429,-4.0,6.9375,sapienzanlp/Minerva-1B-base-v1.0,-4.535714285714286,-4.375,6.6875,sapienzanlp/Minerva-350M-base-v1.0
152,disciplina,fertilizzante,Discipline is fertilizer.,La disciplina è un fertilizzante.,La disciplina è come un fertilizzante.,,,4.61,3.38,High,,,,,,,,,,,,,Jones and Estes (2006),-5.642857142857143,-5.03125,7.6875,sapienzanlp/Minerva-1B-base-v1.0,-5.428571428571429,-4.8125,6.9375,sapienzanlp/Minerva-350M-base-v1.0
153,controllo,fertilizzante,Control is fertilizer.,Il controllo è un fertilizzante.,Il controllo è come un fertilizzante.,,,4.61,2.73,Low,,,,,,,,,,,,,Jones and Estes (2006),-4.964285714285714,-4.53125,6.9375,sapienzanlp/Minerva-1B-base-v1.0,-5.178571428571429,-4.1875,7.0625,sapienzanlp/Minerva-350M-base-v1.0
154,albero,ombrello,A tree is an umbrella.,Un albero è un ombrello.,Un albero è come un ombrello.,,,4.61,4.21,High,,,,,,,,,,,,,Jones and Estes (2006),-4.428571428571429,-3.953125,6.53125,sapienzanlp/Minerva-1B-base-v1.0,-4.303571428571429,-3.734375,6.625,sapienzanlp/Minerva-350M-base-v1.0
155,rivista,ombrello,A magazine is an umbrella.,Una rivista è un ombrello.,Una rivista è come un ombrello.,,,4.61,2.15,Low,,,,,,,,,,,,,Jones and Estes (2006),-4.964285714285714,-4.15625,7.3125,sapienzanlp/Minerva-1B-base-v1.0,-4.964285714285714,-4.3125,6.625,sapienzanlp/Minerva-350M-base-v1.0
156,amore,fiore,Love is a flower.,L'amore è un fiore.,L'amore è come un fiore.,,,4.64,5.34,High,,,,,,,,,,,,,Jones and Estes (2006),-3.142857142857143,-2.859375,6.6875,sapienzanlp/Minerva-1B-base-v1.0,-3.3035714285714284,-2.703125,6.375,sapienzanlp/Minerva-350M-base-v1.0
157,odio,fiore,Hatred is a flower.,L'odio è un fiore.,L'odio è come un fiore.,,,4.64,1.85,Low,,,,,,,,,,,,,Jones and Estes (2006),-3.928571428571429,-3.625,7.25,sapienzanlp/Minerva-1B-base-v1.0,-4.178571428571429,-3.484375,7.125,sapienzanlp/Minerva-350M-base-v1.0
158,voci,sirene,Some voices are sirens.,Alcune voci sono sirene.,Alcune voci sono come sirene.,,,4.64,5.0,High,,,,,,,,,,,,,Jones and Estes (2006),-6.166666666666667,-5.571428571428571,6.6875,sapienzanlp/Minerva-1B-base-v1.0,-6.083333333333333,-5.428571428571429,6.625,sapienzanlp/Minerva-350M-base-v1.0
159,russamenti,sirene,Some snores are sirens.,Alcuni russamenti sono sirene.,Alcuni russamenti sono come sirene.,,,4.64,3.76,Low,,,,,,,,,,,,,Jones and Estes (2006),-6.0625,-5.055555555555555,6.34375,sapienzanlp/Minerva-1B-base-v1.0,-5.84375,-5.25,6.5625,sapienzanlp/Minerva-350M-base-v1.0
160,receptionist,boccata d'aria fresca,That receptionist is a breath of fresh air.,Quella receptionist è una boccata d'aria fresca.,Quella receptionist è come una boccata d'aria fresca.,,,4.7,4.52,High,,,,,,,,,,,,,Jones and Estes (2006),-3.7708333333333335,-3.6538461538461537,6.625,sapienzanlp/Minerva-1B-base-v1.0,-3.6041666666666665,-3.326923076923077,6.6875,sapienzanlp/Minerva-350M-base-v1.0
161,contabile,boccata d'aria fresca,That accountant is a breath of fresh air.,Quel contabile è una boccata d'aria fresca.,Quel contabile è come una boccata d'aria fresca.,,,4.7,3.38,Low,,,,,,,,,,,,,Jones and Estes (2006),-3.625,-3.5576923076923075,6.65625,sapienzanlp/Minerva-1B-base-v1.0,-3.6875,-3.5961538461538463,6.6875,sapienzanlp/Minerva-350M-base-v1.0
162,migliore amico,ancora,A best friend is an anchor.,Un migliore amico è un'ancora.,Un migliore amico è come un'ancora.,,,4.79,6.07,High,,,,,,,,,,,,,Jones and Estes (2006),-4.027777777777778,-3.65,6.5,sapienzanlp/Minerva-1B-base-v1.0,-4.166666666666667,-3.825,5.3125,sapienzanlp/Minerva-350M-base-v1.0
163,avversario,ancora,An opponent is an anchor.,Un avversario è un'ancora.,Un avversario è come un'ancora.,,,4.79,2.94,Low,,,,,,,,,,,,,Jones and Estes (2006),-4.4375,-4.083333333333333,6.90625,sapienzanlp/Minerva-1B-base-v1.0,-4.4375,-4.138888888888889,6.09375,sapienzanlp/Minerva-350M-base-v1.0
164,matrimonio,guinzaglio corto,His marriage was a short leash.,Il suo matrimonio era un guinzaglio corto.,Il suo matrimonio era come un guinzaglio corto.,,,4.79,4.0,High,,,,,,,,,,,,,Jones and Estes (2006),-4.35,-4.409090909090909,6.25,sapienzanlp/Minerva-1B-base-v1.0,-5.075,-4.7272727272727275,6.375,sapienzanlp/Minerva-350M-base-v1.0
165,ufficio,guinzaglio corto,His office was a short leash.,Il suo ufficio era un guinzaglio corto.,Il suo ufficio era come un guinzaglio corto.,,,4.79,2.52,Low,,,,,,,,,,,,,Jones and Estes (2006),-4.7,-4.545454545454546,6.125,sapienzanlp/Minerva-1B-base-v1.0,-4.725,-4.590909090909091,6.625,sapienzanlp/Minerva-350M-base-v1.0
166,folla esultante,tuono,The cheering crowd was thunder.,La folla esultante era un tuono.,La folla esultante era come un tuono.,,,4.79,5.39,High,,,,,,,,,,,,,Jones and Estes (2006),-4.55,-3.954545454545455,6.59375,sapienzanlp/Minerva-1B-base-v1.0,-4.375,-3.9318181818181817,7.21875,sapienzanlp/Minerva-350M-base-v1.0
167,giocatore di basket,tuono,The basketball player was thunder.,Il giocatore di basket era un tuono.,Il giocatore di basket era come un tuono.,,,4.79,2.76,Low,,,,,,,,,,,,,Jones and Estes (2006),-5.083333333333333,-4.45,6.4375,sapienzanlp/Minerva-1B-base-v1.0,-4.972222222222222,-4.5,6.8125,sapienzanlp/Minerva-350M-base-v1.0
168,Grandi Pianure,tavoliere,The Great Plains are a board.,Le Grandi Pianure sono un tavoliere.,Le Grandi Pianure sono come un tavoliere.,,,4.82,2.76,High,,,,,,,,,,,,,Jones and Estes (2006),-5.055555555555555,-4.85,7.875,sapienzanlp/Minerva-1B-base-v1.0,-5.444444444444445,-4.8,7.3125,sapienzanlp/Minerva-350M-base-v1.0
169,spiagge costiere,tavoliere,The coastal beaches are a board.,Le spiagge costiere sono un tavoliere.,Le spiagge costiere sono come un tavoliere.,,,4.82,1.9,Low,,,,,,,,,,,,,Jones and Estes (2006),-5.333333333333333,-5.0,7.5625,sapienzanlp/Minerva-1B-base-v1.0,-5.472222222222222,-4.725,7.6875,sapienzanlp/Minerva-350M-base-v1.0
170,laurea,porta d'accesso,A college degree is a doorway.,Una laurea è una porta d'accesso.,Una laurea è come una porta d'accesso.,,,4.94,6.07,High,,,,,,,,,,,,,Jones and Estes (2006),-3.8333333333333335,-3.7,6.625,sapienzanlp/Minerva-1B-base-v1.0,-4.055555555555555,-3.65,6.65625,sapienzanlp/Minerva-350M-base-v1.0
171,completamento di un corso,porta d'accesso,A course completion is a doorway.,Il completamento di un corso è una porta d'accesso.,Il completamento di un corso è come una porta d'accesso.,,,4.94,4.24,Low,,,,,,,,,,,,,Jones and Estes (2006),-3.7708333333333335,-3.576923076923077,6.8125,sapienzanlp/Minerva-1B-base-v1.0,-3.7291666666666665,-3.6923076923076925,6.78125,sapienzanlp/Minerva-350M-base-v1.0
172,sorrisi,magneti,Some smiles are magnets.,Alcuni sorrisi sono magneti.,Alcuni sorrisi sono come magneti.,,,4.94,5.39,High,,,,,,,,,,,,,Jones and Estes (2006),-5.928571428571429,-5.03125,6.90625,sapienzanlp/Minerva-1B-base-v1.0,-5.321428571428571,-4.90625,6.4375,sapienzanlp/Minerva-350M-base-v1.0
173,lacrime,magneti,Some tears are magnets.,Alcune lacrime sono magneti.,Alcune lacrime sono come magneti.,,,4.94,3.0,Low,,,,,,,,,,,,,Jones and Estes (2006),-7.25,-5.821428571428571,6.59375,sapienzanlp/Minerva-1B-base-v1.0,-7.125,-6.035714285714286,6.625,sapienzanlp/Minerva-350M-base-v1.0
174,giovane cugino,gamberetto,My young cousin is a shrimp.,Il mio giovane cugino è un gamberetto.,Il mio giovane cugino è come un gamberetto.,,,5.03,4.85,High,,,,,,,,,,,,,Jones and Estes (2006),-3.886363636363636,-3.9583333333333335,5.875,sapienzanlp/Minerva-1B-base-v1.0,-3.977272727272727,-3.7291666666666665,6.4375,sapienzanlp/Minerva-350M-base-v1.0
175,padre,gamberetto,My father is a shrimp.,Mio padre è un gamberetto.,Mio padre è come un gamberetto.,,,5.03,3.52,Low,,,,,,,,,,,,,Jones and Estes (2006),-3.96875,-4.083333333333333,6.5625,sapienzanlp/Minerva-1B-base-v1.0,-3.984375,-3.611111111111111,6.3125,sapienzanlp/Minerva-350M-base-v1.0
176,maggiordomi,asini,Butlers can be donkeys.,I maggiordomi sono asini.,I maggiordomi sono come asini.,,,5.06,2.64,High,,,,,,,,,,,,,Jones and Estes (2006),-4.125,-4.111111111111111,6.84375,sapienzanlp/Minerva-1B-base-v1.0,-4.5,-4.333333333333333,6.53125,sapienzanlp/Minerva-350M-base-v1.0
177,nonni,asini,Grandparents can be donkeys.,I nonni sono asini.,I nonni sono come asini.,,,5.06,1.79,Low,,,,,,,,,,,,,Jones and Estes (2006),-4.8125,-4.428571428571429,6.5625,sapienzanlp/Minerva-1B-base-v1.0,-5.0,-4.303571428571429,5.84375,sapienzanlp/Minerva-350M-base-v1.0
178,modelle,ramoscelli,Some fashion models are twigs.,Alcune modelle sono ramoscelli.,Alcune modelle sono come ramoscelli.,,,5.06,6.15,High,,,,,,,,,,,,,Jones and Estes (2006),-5.375,-5.055555555555555,6.9375,sapienzanlp/Minerva-1B-base-v1.0,-6.4375,-5.333333333333333,6.8125,sapienzanlp/Minerva-350M-base-v1.0
179,nuotatori,ramoscelli,Some swimmers are twigs.,Alcuni nuotatori sono ramoscelli.,Alcuni nuotatori sono come ramoscelli.,,,5.06,3.24,Low,,,,,,,,,,,,,Jones and Estes (2006),-5.138888888888889,-4.75,7.59375,sapienzanlp/Minerva-1B-base-v1.0,-5.361111111111111,-5.0,7.15625,sapienzanlp/Minerva-350M-base-v1.0
180,amore,viaggio,Love is a journey.,L'amore è un viaggio.,L'amore è come un viaggio.,,,5.09,6.48,High,,,,,,,,,,,,,Jones and Estes (2006),-2.9107142857142856,-2.8125,6.84375,sapienzanlp/Minerva-1B-base-v1.0,-2.9464285714285716,-2.90625,6.34375,sapienzanlp/Minerva-350M-base-v1.0
181,sogno,viaggio,A dream is a journey.,Un sogno è un viaggio.,Un sogno è come un viaggio.,,,5.09,5.69,Low,,,,,,,,,,,,,Jones and Estes (2006),-4.229166666666667,-4.375,7.1875,sapienzanlp/Minerva-1B-base-v1.0,-4.229166666666667,-3.9107142857142856,6.0,sapienzanlp/Minerva-350M-base-v1.0
182,donna incinta,anatra,That pregnant woman is a duck.,Quella donna incinta è un'anatra.,Quella donna incinta è come un'anatra.,,,5.21,2.82,High,,,,,,,,,,,,,Jones and Estes (2006),-4.194444444444445,-4.125,6.71875,sapienzanlp/Minerva-1B-base-v1.0,-4.361111111111111,-4.25,6.3125,sapienzanlp/Minerva-350M-base-v1.0
183,professore,anatra,That professor is a duck.,Quel professore è un'anatra.,Quel professore è come un'anatra.,,,5.21,2.0,Low,,,,,,,,,,,,,Jones and Estes (2006),-4.625,-4.416666666666667,6.5625,sapienzanlp/Minerva-1B-base-v1.0,-4.5625,-4.361111111111111,6.8125,sapienzanlp/Minerva-350M-base-v1.0
184,cani,principesse,Some dogs are princesses.,Alcuni cani sono principesse.,Alcuni cani sono come principesse.,,,5.27,4.33,High,,,,,,,,,,,,,Jones and Estes (2006),-5.666666666666667,-5.071428571428571,7.09375,sapienzanlp/Minerva-1B-base-v1.0,-5.791666666666667,-5.285714285714286,6.5625,sapienzanlp/Minerva-350M-base-v1.0
185,criceti,principesse,Some hamsters are princesses.,Alcuni criceti sono principesse.,Alcuni criceti sono come principesse.,,,5.27,1.97,Low,,,,,,,,,,,,,Jones and Estes (2006),-5.03125,-4.722222222222222,6.5,sapienzanlp/Minerva-1B-base-v1.0,-4.78125,-4.527777777777778,6.625,sapienzanlp/Minerva-350M-base-v1.0
186,pelo del gatto,seta,My cat's fur is silk.,Il pelo del mio gatto è seta.,Il pelo del mio gatto è come seta.,,,5.3,4.88,High,,,,,,,,,,,,,Jones and Estes (2006),-4.444444444444445,-4.025,6.25,sapienzanlp/Minerva-1B-base-v1.0,-4.083333333333333,-4.15,6.96875,sapienzanlp/Minerva-350M-base-v1.0
187,pelo del topo,seta,My rat's fur is silk.,Il pelo del mio topo è seta.,Il pelo del mio topo è come seta.,,,5.3,2.76,Low,,,,,,,,,,,,,Jones and Estes (2006),-4.55,-4.159090909090909,6.0,sapienzanlp/Minerva-1B-base-v1.0,-4.025,-4.045454545454546,7.0625,sapienzanlp/Minerva-350M-base-v1.0
188,libri,scrigni del tesoro,Books are treasure chests.,I libri sono scrigni del tesoro.,I libri sono come scrigni del tesoro.,,,5.3,5.66,High,,,,,,,,,,,,,Jones and Estes (2006),-4.083333333333333,-3.95,7.15625,sapienzanlp/Minerva-1B-base-v1.0,-3.7222222222222223,-3.55,6.03125,sapienzanlp/Minerva-350M-base-v1.0
189,tabloid,scrigni del tesoro,Tabloids are treasure chests.,I tabloid sono scrigni del tesoro.,I tabloid sono come scrigni del tesoro.,,,5.3,2.67,Low,,,,,,,,,,,,,Jones and Estes (2006),-4.340909090909091,-3.7708333333333335,7.375,sapienzanlp/Minerva-1B-base-v1.0,-4.0227272727272725,-3.5208333333333335,6.625,sapienzanlp/Minerva-350M-base-v1.0
190,corridori,ghepardi,Some runners are cheetahs.,Alcuni corridori sono ghepardi.,Alcuni corridori sono come ghepardi.,,,5.45,5.64,High,,,,,,,,,,,,,Jones and Estes (2006),-4.694444444444445,-4.225,7.0625,sapienzanlp/Minerva-1B-base-v1.0,-4.222222222222222,-4.0,7.125,sapienzanlp/Minerva-350M-base-v1.0
191,pattinatori,ghepardi,Some skaters are cheetahs.,Alcuni pattinatori sono ghepardi.,Alcuni pattinatori sono come ghepardi.,,,5.45,2.62,Low,,,,,,,,,,,,,Jones and Estes (2006),-4.4,-4.113636363636363,7.34375,sapienzanlp/Minerva-1B-base-v1.0,-4.35,-4.181818181818182,7.3125,sapienzanlp/Minerva-350M-base-v1.0
192,lavori,prigioni,Many jobs are jails.,Molti lavori sono prigioni.,Molti lavori sono come prigioni.,,,5.48,4.88,High,,,,,,,,,,,,,Jones and Estes (2006),-7.75,-6.458333333333333,7.25,sapienzanlp/Minerva-1B-base-v1.0,-7.25,-6.625,6.53125,sapienzanlp/Minerva-350M-base-v1.0
193,squadre,prigioni,Many teams are jails.,Molte squadre sono prigioni.,Molte squadre sono come prigioni.,,,5.48,1.93,Low,,,,,,,,,,,,,Jones and Estes (2006),-8.1,-7.0,6.9375,sapienzanlp/Minerva-1B-base-v1.0,-6.9,-6.541666666666667,6.6875,sapienzanlp/Minerva-350M-base-v1.0
194,tempo,denaro,Time is money.,Il tempo è denaro.,Il tempo è come denaro.,,,5.52,5.88,High,,,,,,,,,,,,,Jones and Estes (2006),-3.7,-4.604166666666667,7.34375,sapienzanlp/Minerva-1B-base-v1.0,-3.325,-5.0625,5.625,sapienzanlp/Minerva-350M-base-v1.0
195,conoscenza,denaro,Knowledge is money.,La conoscenza è denaro.,La conoscenza è come denaro.,,,5.52,5.0,Low,,,,,,,,,,,,,Jones and Estes (2006),-5.25,-5.416666666666667,7.3125,sapienzanlp/Minerva-1B-base-v1.0,-5.5,-5.5,5.875,sapienzanlp/Minerva-350M-base-v1.0
196,pianeta Terra,palla,The planet Earth is a ball.,Il pianeta Terra è una palla.,Il pianeta Terra è come una palla.,,,5.55,4.61,High,,,,,,,,,,,,,Jones and Estes (2006),-4.160714285714286,-4.0625,7.375,sapienzanlp/Minerva-1B-base-v1.0,-4.142857142857143,-3.84375,6.84375,sapienzanlp/Minerva-350M-base-v1.0
197,stella,palla,The nearest star is a ball.,La stella più vicina è una palla.,La stella più vicina è come una palla.,,,5.55,2.45,Low,,,,,,,,,,,,,Jones and Estes (2006),-4.40625,-4.361111111111111,6.65625,sapienzanlp/Minerva-1B-base-v1.0,-4.40625,-4.388888888888889,6.375,sapienzanlp/Minerva-350M-base-v1.0
198,uccelli,aerei,Birds are airplanes.,Gli uccelli sono aerei.,Gli uccelli sono come aerei.,,,5.61,3.7,High,,,,,,,,,,,,,Jones and Estes (2006),-6.2,-5.875,6.5,sapienzanlp/Minerva-1B-base-v1.0,-5.85,-5.416666666666667,6.1875,sapienzanlp/Minerva-350M-base-v1.0
199,pipistrelli,aerei,Bats are airplanes.,I pipistrelli sono aerei.,I pipistrelli sono come aerei.,,,5.61,2.14,Low,,,,,,,,,,,,,Jones and Estes (2006),-4.678571428571429,-4.875,6.8125,sapienzanlp/Minerva-1B-base-v1.0,-4.571428571428571,-4.46875,7.0,sapienzanlp/Minerva-350M-base-v1.0
200,idee,diamanti,Ideas can be diamonds.,Le idee sono diamanti.,Le idee sono come diamanti.,,,5.73,5.62,High,,,,,,,,,,,,,Jones and Estes (2006),-4.8125,-4.035714285714286,6.75,sapienzanlp/Minerva-1B-base-v1.0,-4.75,-4.017857142857143,5.9375,sapienzanlp/Minerva-350M-base-v1.0
201,recensioni,diamanti,Reviews can be diamonds.,Le recensioni sono diamanti.,Le recensioni sono come diamanti.,,,5.73,3.91,Low,,,,,,,,,,,,,Jones and Estes (2006),-5.041666666666667,-4.571428571428571,6.59375,sapienzanlp/Minerva-1B-base-v1.0,-4.958333333333333,-4.607142857142857,6.0,sapienzanlp/Minerva-350M-base-v1.0
202,rabbia,vulcano,Anger is a volcano.,La rabbia è un vulcano.,La rabbia è come un vulcano.,,,5.73,5.62,High,,,,,,,,,,,,,Jones and Estes (2006),-3.607142857142857,-3.328125,6.90625,sapienzanlp/Minerva-1B-base-v1.0,-4.285714285714286,-3.796875,6.875,sapienzanlp/Minerva-350M-base-v1.0
203,tristezza,vulcano,Sadness is a volcano.,La tristezza è un vulcano.,La tristezza è come un vulcano.,,,5.73,3.76,Low,,,,,,,,,,,,,Jones and Estes (2006),-3.46875,-3.138888888888889,7.03125,sapienzanlp/Minerva-1B-base-v1.0,-4.34375,-3.7222222222222223,6.625,sapienzanlp/Minerva-350M-base-v1.0
204,senatore,fossile,The senator is a fossil.,Il senatore è un fossile.,Il senatore è come un fossile.,,,5.76,4.52,High,,,,,,,,,,,,,Jones and Estes (2006),-4.892857142857143,-4.78125,7.46875,sapienzanlp/Minerva-1B-base-v1.0,-5.0,-4.65625,6.625,sapienzanlp/Minerva-350M-base-v1.0
205,campione di atletica,fossile,The track star is a fossil.,Il campione di atletica è un fossile.,Il campione di atletica è come un fossile.,,,5.76,2.24,Low,,,,,,,,,,,,,Jones and Estes (2006),-4.0,-3.954545454545455,7.375,sapienzanlp/Minerva-1B-base-v1.0,-4.125,-3.840909090909091,6.6875,sapienzanlp/Minerva-350M-base-v1.0
206,braccia del ragazzo,acciaio,My boyfriend's arms are steel.,Le braccia del mio ragazzo sono acciaio.,Le braccia del mio ragazzo sono come acciaio.,,,5.76,5.36,High,,,,,,,,,,,,,Jones and Estes (2006),-5.4375,-4.75,5.75,sapienzanlp/Minerva-1B-base-v1.0,-5.34375,-4.833333333333333,6.6875,sapienzanlp/Minerva-350M-base-v1.0
207,gambe del nonno,acciaio,My grandfather's legs are steel.,Le gambe di mio nonno sono acciaio.,Le gambe di mio nonno sono come acciaio.,,,5.76,3.45,Low,,,,,,,,,,,,,Jones and Estes (2006),-5.21875,-4.75,6.59375,sapienzanlp/Minerva-1B-base-v1.0,-5.3125,-4.805555555555555,6.8125,sapienzanlp/Minerva-350M-base-v1.0
208,camera da letto,discarica,That bedroom is a dump.,Quella camera da letto è una discarica.,Quella camera come da letto è una discarica.,,,5.82,5.52,High,,,,,,,,,,,,,Jones and Estes (2006),-4.388888888888889,-6.1,6.71875,sapienzanlp/Minerva-1B-base-v1.0,-4.027777777777778,-5.6,6.0625,sapienzanlp/Minerva-350M-base-v1.0
209,sala conferenze,discarica,That conference room is a dump.,Quella sala conferenze è una discarica.,Quella sala conferenze è come una discarica.,,,5.82,4.79,Low,,,,,,,,,,,,,Jones and Estes (2006),-5.21875,-4.805555555555555,7.6875,sapienzanlp/Minerva-1B-base-v1.0,-4.8125,-4.5,6.46875,sapienzanlp/Minerva-350M-base-v1.0
210,memoria,magazzino,Memory is a warehouse.,La memoria è un magazzino.,La memoria è come un magazzino.,,,5.85,5.52,High,,,,,,,,,,,,,Jones and Estes (2006),-4.166666666666667,-4.017857142857143,7.34375,sapienzanlp/Minerva-1B-base-v1.0,-4.791666666666667,-4.303571428571429,6.5,sapienzanlp/Minerva-350M-base-v1.0
211,intelligenza,magazzino,Intelligence is a warehouse.,L'intelligenza è un magazzino.,L'intelligenza è come un magazzino.,,,5.85,3.38,Low,,,,,,,,,,,,,Jones and Estes (2006),-4.178571428571429,-4.03125,7.34375,sapienzanlp/Minerva-1B-base-v1.0,-4.321428571428571,-3.890625,6.625,sapienzanlp/Minerva-350M-base-v1.0
